"","X","negara","kota","kondisi","detail_kondisi","suhu","suhu_min","suhu_max","feel_like","humidity","lon","lat","time"
"1",1,"ID","Samarinda","Clouds","overcast clouds",26.84,26.84,26.84,30.47,92,117.15,-0.5,"2024-02-09 09:14:44.646674"
"2",1,"ID","Balikpapan","Clouds","few clouds",25.55,25.55,25.55,26.62,94,116.8289,-1.2675,"2024-02-09 09:14:45.459944"
"3",1,"ID","Bandar Lampung","Clouds","broken clouds",30.58,30.58,30.58,34.68,63,105.258,-5.4254,"2024-02-09 09:14:46.145627"
"4",1,"ID","Metro","Rain","light rain",31.93,31.93,31.93,36.04,57,105.3067,-5.1131,"2024-02-09 09:14:46.703642"
"5",1,"ID","Pringsewu","Rain","light rain",29.48,29.48,29.48,34.46,73,104.9744,-5.3582,"2024-02-09 09:14:47.183799"
"6",1,"ID","Palembang","Clouds","broken clouds",30.05,30.05,30.05,36.17,74,104.7458,-2.9167,"2024-02-09 09:14:47.646191"
"7",1,"ID","Surabaya","Clouds","scattered clouds",29.45,29.45,30.97,29.62,45,112.7508,-7.2492,"2024-02-09 09:14:48.293383"
"8",1,"ID","Gresik","Rain","light rain",29.43,29.43,30.95,33.48,69,112.6561,-7.1539,"2024-02-09 09:14:48.775017"
"9",1,"ID","Sidoarjo","Rain","moderate rain",30.98,29.47,30.98,37.55,70,112.7183,-7.4478,"2024-02-09 09:14:49.308189"
"10",1,"ID","Malang","Rain","moderate rain",25.52,25.52,25.52,26.5,91,112.6304,-7.9797,"2024-02-09 09:14:50.073574"
"11",1,"ID","Probolinggo","Clouds","overcast clouds",28.72,28.72,28.72,33.01,75,113.2159,-7.7543,"2024-02-09 09:14:50.720711"
"12",1,"ID","Semarang","Thunderstorm","thunderstorm",31.96,31.96,31.96,38.89,66,110.4203,-6.9932,"2024-02-09 09:14:51.215322"
"13",1,"PH","Solo","Clear","clear sky",28.24,28.24,28.24,30.44,65,120.9012,13.7469,"2024-02-09 09:14:51.809211"
"14",1,"ID","Yogyakarta","Clouds","scattered clouds",29.53,29.53,29.53,33.71,69,110.3608,-7.7828,"2024-02-09 09:14:52.384279"
"15",1,"ID","Medan","Clouds","few clouds",30.57,30.57,31.02,35.4,66,98.6667,3.5833,"2024-02-09 09:14:52.950682"
"16",1,"ID","Tebing Tinggi","Clouds","overcast clouds",29.13,29.13,29.13,34.23,76,99.1623,3.3274,"2024-02-09 09:14:53.664389"
"17",1,"ID","Makassar","Clouds","few clouds",30.03,30.03,30.03,37.03,79,119.4221,-5.14,"2024-02-09 09:14:54.572111"
"18",1,"ID","Jakarta","Clouds","scattered clouds",31.48,28.01,33.38,38.48,84,106.8451,-6.2146,"2024-02-09 09:14:55.298898"
"19",1,"ID","Tangerang","Rain","light rain",31.31,29.04,33.37,37.81,68,106.63,-6.1781,"2024-02-09 09:14:55.904523"
"20",1,"ID","Tangerang Selatan","Clouds","few clouds",32.6,28.88,33.21,39.6,75,106.7085,-6.2955,"2024-02-09 09:14:56.409287"
"21",1,"ID","Bogor","Rain","moderate rain",30.12,27.59,31.92,36.9,76,106.7892,-6.5944,"2024-02-09 09:14:57.041587"
"22",1,"ID","Depok","Rain","light rain",31.21,28.55,32.88,38.21,84,106.8186,-6.4,"2024-02-09 09:14:57.582752"
"23",1,"ID","Bekasi","Rain","light rain",30.63,29.02,33.35,37.63,89,106.9896,-6.2349,"2024-02-09 09:14:58.274621"
"24",1,"ID","Samarinda","Clouds","overcast clouds",24.5,24.5,24.5,25.51,96,117.15,-0.5,"2024-02-09 12:24:42.743247"
"25",1,"ID","Balikpapan","Rain","light rain",25.55,25.55,25.55,26.62,94,116.8289,-1.2675,"2024-02-09 12:24:43.609879"
"26",1,"ID","Bandar Lampung","Rain","light rain",25.63,25.63,25.63,26.52,87,105.258,-5.4254,"2024-02-09 12:24:44.434987"
"27",1,"ID","Metro","Clouds","broken clouds",26.53,26.53,26.53,26.53,84,105.3067,-5.1131,"2024-02-09 12:24:45.196947"
"28",1,"ID","Pringsewu","Clouds","broken clouds",24.95,24.95,24.95,25.9,92,104.9744,-5.3582,"2024-02-09 12:24:45.890183"
"29",1,"ID","Palembang","Clouds","few clouds",28.05,28.05,28.05,32.71,83,104.7458,-2.9167,"2024-02-09 12:24:46.653806"
"30",1,"ID","Surabaya","Rain","moderate rain",29.45,26.97,29.45,30.13,49,112.7508,-7.2492,"2024-02-09 12:24:47.46909"
"31",1,"ID","Gresik","Clouds","broken clouds",29.43,26.95,29.43,36.21,81,112.6561,-7.1539,"2024-02-09 12:24:48.233856"
"32",1,"ID","Sidoarjo","Clouds","scattered clouds",26.98,26.98,29.47,31.1,94,112.7183,-7.4478,"2024-02-09 12:24:48.887354"
"33",1,"ID","Malang","Clouds","overcast clouds",23,23,23,23.91,98,112.6304,-7.9797,"2024-02-09 12:24:49.616891"
"34",1,"ID","Probolinggo","Rain","light rain",26.6,26.6,26.6,26.6,85,113.2159,-7.7543,"2024-02-09 12:24:50.243757"
"35",1,"ID","Semarang","Rain","moderate rain",28.96,28.96,28.96,34.42,79,110.4203,-6.9932,"2024-02-09 12:24:51.417009"
"36",1,"PH","Solo","Clouds","few clouds",25.5,25.5,25.5,26.09,76,120.9012,13.7469,"2024-02-09 12:24:52.217896"
"37",1,"ID","Yogyakarta","Clouds","scattered clouds",25.49,25.49,25.49,26.37,87,110.3608,-7.7828,"2024-02-09 12:24:52.847924"
"38",1,"ID","Medan","Clouds","few clouds",27.79,27.79,28.02,32.01,83,98.6667,3.5833,"2024-02-09 12:24:53.471655"
"39",1,"ID","Tebing Tinggi","Clouds","overcast clouds",25.78,25.78,25.78,26.74,89,99.1623,3.3274,"2024-02-09 12:24:54.212039"
"40",1,"ID","Makassar","Clouds","few clouds",28.03,28.03,28.03,35.03,100,119.4221,-5.14,"2024-02-09 12:24:54.844923"
"41",1,"ID","Jakarta","Clouds","scattered clouds",29.2,28.83,29.49,33.77,73,106.8451,-6.2146,"2024-02-09 12:24:55.665186"
"42",1,"ID","Tangerang","Clouds","few clouds",29.01,28.83,29.48,34.34,78,106.63,-6.1781,"2024-02-09 12:24:56.34071"
"43",1,"ID","Tangerang Selatan","Clouds","overcast clouds",29.32,28.66,29.32,34.06,73,106.7085,-6.2955,"2024-02-09 12:24:57.22674"
"44",1,"ID","Bogor","Rain","light rain",27.59,27.59,28.03,31.76,85,106.7892,-6.5944,"2024-02-09 12:24:57.98181"
"45",1,"ID","Depok","Rain","light rain",28.75,28.34,28.99,32.9,74,106.8186,-6.4,"2024-02-09 12:24:58.615105"
"46",1,"ID","Bekasi","Clouds","scattered clouds",29.1,28.81,29.46,33.74,74,106.9896,-6.2349,"2024-02-09 12:24:59.294628"
"47",1,"ID","Samarinda","Rain","light rain",23.71,23.71,23.71,24.7,98,117.15,-0.5,"2024-02-09 15:14:57.825282"
"48",1,"ID","Balikpapan","Clouds","few clouds",25.55,25.55,25.55,26.62,94,116.8289,-1.2675,"2024-02-09 15:14:58.484731"
"49",1,"ID","Bandar Lampung","Rain","light rain",24.77,24.77,24.77,25.65,90,105.258,-5.4254,"2024-02-09 15:14:59.212601"
"50",1,"ID","Metro","Rain","light rain",25.67,25.67,25.67,26.59,88,105.3067,-5.1131,"2024-02-09 15:15:00.086918"
"51",1,"ID","Pringsewu","Rain","light rain",24.54,24.54,24.54,25.5,94,104.9744,-5.3582,"2024-02-09 15:15:00.733468"
"52",1,"ID","Palembang","Clouds","few clouds",27.05,27.05,27.05,30.77,89,104.7458,-2.9167,"2024-02-09 15:15:01.731496"
"53",1,"ID","Surabaya","Clouds","scattered clouds",27.79,25.97,27.79,27.55,41,112.7508,-7.2492,"2024-02-09 15:15:02.403844"
"54",1,"ID","Gresik","Clouds","broken clouds",27.77,25.95,27.77,32.71,88,112.6561,-7.1539,"2024-02-09 15:15:03.117015"
"55",1,"ID","Sidoarjo","Rain","light rain",25.98,25.98,27.81,25.98,100,112.7183,-7.4478,"2024-02-09 15:15:04.180121"
"56",1,"ID","Malang","Rain","light rain",22.63,22.63,22.63,23.46,96,112.6304,-7.9797,"2024-02-09 15:15:05.035375"
"57",1,"ID","Probolinggo","Clouds","overcast clouds",25.51,25.51,25.51,26.34,85,113.2159,-7.7543,"2024-02-09 15:15:06.804015"
"58",1,"ID","Semarang","Clouds","scattered clouds",27.96,27.96,27.96,32.46,83,110.4203,-6.9932,"2024-02-09 15:15:07.415682"
"59",1,"PH","Solo","Clouds","overcast clouds",23.76,23.76,23.76,24.44,86,120.9012,13.7469,"2024-02-09 15:15:08.224002"
"60",1,"ID","Yogyakarta","Clouds","broken clouds",24.95,24.95,24.95,25.82,89,110.3608,-7.7828,"2024-02-09 15:15:09.046016"
"61",1,"ID","Medan","Clouds","scattered clouds",26.68,26.68,27.02,29.67,88,98.6667,3.5833,"2024-02-09 15:15:09.932667"
"62",1,"ID","Tebing Tinggi","Clouds","broken clouds",24.56,24.56,24.56,25.5,93,99.1623,3.3274,"2024-02-09 15:15:10.755325"
"63",1,"ID","Makassar","Clouds","few clouds",26.03,26.03,26.03,26.03,100,119.4221,-5.14,"2024-02-09 15:15:11.457312"
"64",1,"ID","Jakarta","Rain","moderate rain",28.55,27.72,30.23,34.29,84,106.8451,-6.2146,"2024-02-09 15:15:12.260319"
"65",1,"ID","Tangerang","Clouds","scattered clouds",28.29,27.72,30.23,33.36,83,106.63,-6.1781,"2024-02-09 15:15:12.870818"
"66",1,"ID","Tangerang Selatan","Clouds","scattered clouds",29.27,27.55,30.06,34.16,74,106.7085,-6.2955,"2024-02-09 15:15:13.582721"
"67",1,"ID","Bogor","Rain","light rain",28.47,26.59,28.77,34.86,88,106.7892,-6.5944,"2024-02-09 15:15:14.471033"
"68",1,"ID","Depok","Clouds","scattered clouds",28.58,27.23,29.74,34.18,83,106.8186,-6.4,"2024-02-09 15:15:15.365253"
"69",1,"ID","Bekasi","Rain","moderate rain",28.28,27.7,30.21,34.45,89,106.9896,-6.2349,"2024-02-09 15:15:16.053482"
"70",1,"ID","Samarinda","Clouds","broken clouds",23.07,23.07,23.07,24.02,99,117.15,-0.5,"2024-02-09 18:17:07.546943"
"71",1,"ID","Balikpapan","Clouds","few clouds",24.55,24.55,24.55,25.52,94,116.8289,-1.2675,"2024-02-09 18:17:08.324308"
"72",1,"ID","Bandar Lampung","Rain","light rain",24.08,24.08,24.08,24.97,93,105.258,-5.4254,"2024-02-09 18:17:09.017426"
"73",1,"ID","Metro","Clouds","overcast clouds",25,25,25,25.96,92,105.3067,-5.1131,"2024-02-09 18:17:09.996824"
"74",1,"ID","Pringsewu","Rain","light rain",23.92,23.92,23.92,24.87,96,104.9744,-5.3582,"2024-02-09 18:17:10.611383"
"75",1,"ID","Palembang","Mist","mist",26.05,26.05,26.05,26.05,94,104.7458,-2.9167,"2024-02-09 18:17:11.065243"
"76",1,"ID","Surabaya","Thunderstorm","thunderstorm with light rain",27.79,24.97,27.79,27.68,43,112.7508,-7.2492,"2024-02-09 18:17:11.813939"
"77",2,"ID","Surabaya","Rain","light rain",27.79,24.97,27.79,27.68,43,112.7508,-7.2492,"2024-02-09 18:17:11.813939"
"78",1,"ID","Gresik","Clouds","overcast clouds",27.77,24.95,27.77,32.71,88,112.6561,-7.1539,"2024-02-09 18:17:12.338063"
"79",1,"ID","Sidoarjo","Thunderstorm","thunderstorm with light rain",24.98,24.98,27.81,26.14,100,112.7183,-7.4478,"2024-02-09 18:17:12.804826"
"80",1,"ID","Malang","Clouds","overcast clouds",22.33,22.33,22.33,23.1,95,112.6304,-7.9797,"2024-02-09 18:17:13.708352"
"81",1,"ID","Probolinggo","Clouds","overcast clouds",25.3,25.3,25.3,26.11,85,113.2159,-7.7543,"2024-02-09 18:17:14.167562"
"82",1,"ID","Semarang","Clouds","overcast clouds",27.96,27.96,27.96,31.7,78,110.4203,-6.9932,"2024-02-09 18:17:14.739045"
"83",1,"PH","Solo","Clouds","broken clouds",24.51,24.51,24.51,25.18,83,120.9012,13.7469,"2024-02-09 18:17:15.386761"
"84",1,"ID","Yogyakarta","Clouds","few clouds",24.34,24.34,24.34,25.18,90,110.3608,-7.7828,"2024-02-09 18:17:16.03942"
"85",1,"ID","Medan","Mist","mist",25.01,25.01,25.02,26.18,100,98.6667,3.5833,"2024-02-09 18:17:16.525737"
"86",1,"ID","Tebing Tinggi","Clouds","broken clouds",23.96,23.96,23.96,24.74,89,99.1623,3.3274,"2024-02-09 18:17:17.057131"
"87",1,"ID","Makassar","Clouds","few clouds",25.03,25.03,25.03,26.2,100,119.4221,-5.14,"2024-02-09 18:17:17.923424"
"88",1,"ID","Jakarta","Thunderstorm","thunderstorm with rain",26.13,26.05,28.07,26.13,100,106.8451,-6.2146,"2024-02-09 18:17:18.426667"
"89",1,"ID","Tangerang","Thunderstorm","thunderstorm with light rain",26.92,26.04,29.12,30.91,94,106.63,-6.1781,"2024-02-09 18:17:19.289853"
"90",1,"ID","Tangerang Selatan","Clouds","broken clouds",27.17,25.88,28.95,30.44,83,106.7085,-6.2955,"2024-02-09 18:17:19.798122"
"91",1,"ID","Bogor","Clouds","scattered clouds",27.04,24.59,27.66,30.53,87,106.7892,-6.5944,"2024-02-09 18:17:20.762428"
"92",1,"ID","Depok","Thunderstorm","thunderstorm with rain",26.63,25.55,28.63,26.63,100,106.8186,-6.4,"2024-02-09 18:17:21.513166"
"93",1,"ID","Bekasi","Thunderstorm","thunderstorm with rain",26.05,26.02,29.1,26.05,100,106.9896,-6.2349,"2024-02-09 18:17:22.225181"
"94",1,"ID","Samarinda","Rain","light rain",22.75,22.75,22.75,23.67,99,117.15,-0.5,"2024-02-09 21:13:13.340992"
"95",1,"ID","Balikpapan","Clouds","few clouds",24.55,24.55,24.55,25.52,94,116.8289,-1.2675,"2024-02-09 21:13:14.206027"
"96",1,"ID","Bandar Lampung","Clouds","overcast clouds",24.39,24.39,24.39,25.26,91,105.258,-5.4254,"2024-02-09 21:13:15.080546"
"97",1,"ID","Metro","Clouds","overcast clouds",24.98,24.98,24.98,25.86,89,105.3067,-5.1131,"2024-02-09 21:13:15.953399"
"98",1,"ID","Pringsewu","Rain","moderate rain",24.07,24.07,24.07,25.04,96,104.9744,-5.3582,"2024-02-09 21:13:16.781793"
"99",1,"ID","Palembang","Haze","haze",25.05,25.05,25.05,26.07,94,104.7458,-2.9167,"2024-02-09 21:13:17.537306"
"100",1,"ID","Surabaya","Mist","mist",25.97,25.97,25.97,25.97,100,112.7508,-7.2492,"2024-02-09 21:13:18.38755"
"101",1,"ID","Gresik","Rain","light rain",25.95,25.95,25.95,25.95,90,112.6561,-7.1539,"2024-02-09 21:13:19.020067"
"102",1,"ID","Sidoarjo","Mist","mist",25.98,25.98,25.98,25.98,100,112.7183,-7.4478,"2024-02-09 21:13:19.83867"
"103",1,"ID","Malang","Clouds","overcast clouds",21.76,21.76,21.76,22.47,95,112.6304,-7.9797,"2024-02-09 21:13:20.531545"
"104",1,"ID","Probolinggo","Rain","light rain",24.98,24.98,24.98,25.75,85,113.2159,-7.7543,"2024-02-09 21:13:21.298187"
"105",1,"ID","Semarang","Clouds","broken clouds",26.96,26.96,26.96,30.52,89,110.4203,-6.9932,"2024-02-09 21:13:22.1215"
"106",1,"PH","Solo","Clear","clear sky",24.32,24.32,24.32,24.97,83,120.9012,13.7469,"2024-02-09 21:13:22.770621"
"107",1,"ID","Yogyakarta","Clouds","scattered clouds",23.94,23.94,23.94,24.77,91,110.3608,-7.7828,"2024-02-09 21:13:23.508727"
"108",1,"ID","Medan","Mist","mist",25.01,25.01,25.02,26.18,100,98.6667,3.5833,"2024-02-09 21:13:24.140563"
"109",1,"ID","Tebing Tinggi","Clouds","scattered clouds",23.46,23.46,23.46,24.19,89,99.1623,3.3274,"2024-02-09 21:13:24.914325"
"110",1,"ID","Makassar","Thunderstorm","thunderstorm",24.03,24.03,24.03,25.1,100,119.4221,-5.14,"2024-02-09 21:13:25.713311"
"111",1,"ID","Jakarta","Clouds","scattered clouds",26.15,25.5,26.16,26.15,99,106.8451,-6.2146,"2024-02-09 21:13:26.61122"
"112",1,"ID","Tangerang","Clouds","scattered clouds",25.74,25.5,26.15,26.82,94,106.63,-6.1781,"2024-02-09 21:13:27.461781"
"113",1,"ID","Tangerang Selatan","Clouds","scattered clouds",25.99,25.33,25.99,25.99,99,106.7085,-6.2955,"2024-02-09 21:13:28.210585"
"114",1,"ID","Bogor","Clouds","few clouds",24.7,24.7,24.7,25.63,92,106.7892,-6.5944,"2024-02-09 21:13:28.988733"
"115",1,"ID","Depok","Clouds","few clouds",25.66,25.01,25.66,26.87,99,106.8186,-6.4,"2024-02-09 21:13:29.765924"
"116",1,"ID","Bekasi","Clouds","few clouds",26.13,25.48,26.13,26.13,81,106.9896,-6.2349,"2024-02-09 21:13:30.548617"
"117",1,"ID","Samarinda","Clouds","overcast clouds",25.96,25.96,25.96,25.96,89,117.15,-0.5,"2024-02-10 00:58:35.451037"
"118",1,"ID","Balikpapan","Clouds","few clouds",26.55,26.55,26.55,26.55,83,116.8289,-1.2675,"2024-02-10 00:58:36.301461"
"119",1,"ID","Bandar Lampung","Clouds","overcast clouds",25.91,25.91,25.91,26.8,86,105.258,-5.4254,"2024-02-10 00:58:36.932043"
"120",1,"ID","Metro","Clouds","overcast clouds",26.19,26.19,26.19,26.19,85,105.3067,-5.1131,"2024-02-10 00:58:37.603771"
"121",1,"ID","Pringsewu","Rain","moderate rain",25.87,25.87,25.87,26.91,92,104.9744,-5.3582,"2024-02-10 00:58:38.450803"
"122",1,"ID","Palembang","Haze","haze",26.05,26.05,26.05,26.05,89,104.7458,-2.9167,"2024-02-10 00:58:39.08985"
"123",1,"ID","Surabaya","Clouds","few clouds",29.45,25.97,29.45,31.48,58,112.7508,-7.2492,"2024-02-10 00:58:39.761334"
"124",1,"ID","Gresik","Clouds","overcast clouds",29.43,25.95,29.43,36.43,83,112.6561,-7.1539,"2024-02-10 00:58:40.410892"
"125",1,"ID","Sidoarjo","Clouds","few clouds",25.98,25.98,29.47,25.98,100,112.7183,-7.4478,"2024-02-10 00:58:41.272116"
"126",1,"ID","Malang","Rain","light rain",26.39,26.39,26.39,26.39,87,112.6304,-7.9797,"2024-02-10 00:58:42.12422"
"127",1,"ID","Probolinggo","Clouds","scattered clouds",29.13,29.13,29.13,32.82,69,113.2159,-7.7543,"2024-02-10 00:58:42.901149"
"128",1,"ID","Semarang","Rain","moderate rain",27.96,27.96,27.96,33.45,89,110.4203,-6.9932,"2024-02-10 00:58:43.745828"
"129",1,"PH","Solo","Clear","clear sky",25.74,25.74,25.74,26.33,75,120.9012,13.7469,"2024-02-10 00:58:44.450134"
"130",1,"ID","Yogyakarta","Clear","clear sky",27.36,27.36,27.36,30.33,78,110.3608,-7.7828,"2024-02-10 00:58:45.217802"
"131",1,"ID","Medan","Mist","mist",25.57,25.57,26.02,26.48,88,98.6667,3.5833,"2024-02-10 00:58:45.861028"
"132",1,"ID","Tebing Tinggi","Clouds","overcast clouds",25.3,25.3,25.3,26,81,99.1623,3.3274,"2024-02-10 00:58:46.465859"
"133",1,"ID","Makassar","Thunderstorm","thunderstorm with rain",27.03,27.03,27.03,31.26,94,119.4221,-5.14,"2024-02-10 00:58:47.158167"
"134",1,"ID","Jakarta","Mist","mist",27.04,26.05,30.29,31.75,98,106.8451,-6.2146,"2024-02-10 00:58:47.805668"
"135",1,"ID","Tangerang","Haze","haze",27.41,26.04,30.29,32.07,91,106.63,-6.1781,"2024-02-10 00:58:48.620463"
"136",1,"ID","Tangerang Selatan","Haze","haze",28,25.88,30.12,33.4,88,106.7085,-6.2955,"2024-02-10 00:58:49.377369"
"137",1,"ID","Bogor","Clear","clear sky",28.82,24.59,28.83,33.06,74,106.7892,-6.5944,"2024-02-10 00:58:50.01414"
"138",1,"ID","Depok","Mist","mist",27.77,25.55,29.8,34.36,98,106.8186,-6.4,"2024-02-10 00:58:50.879664"
"139",1,"ID","Bekasi","Mist","mist",26.49,26.02,30.27,26.49,100,106.9896,-6.2349,"2024-02-10 00:58:51.540153"
"140",1,"ID","Samarinda","Clouds","overcast clouds",29.83,29.83,29.83,34.17,68,117.15,-0.5,"2024-02-10 03:14:52.13518"
"141",1,"ID","Balikpapan","Clouds","few clouds",29.55,29.55,29.55,33.97,70,116.8289,-1.2675,"2024-02-10 03:14:52.792893"
"142",1,"ID","Bandar Lampung","Clouds","scattered clouds",28.76,28.76,28.76,33.11,75,105.258,-5.4254,"2024-02-10 03:14:53.544378"
"143",1,"ID","Metro","Clouds","overcast clouds",27.24,27.24,27.24,30.28,80,105.3067,-5.1131,"2024-02-10 03:14:54.214268"
"144",1,"ID","Pringsewu","Rain","moderate rain",28.6,28.6,28.6,33.46,79,104.9744,-5.3582,"2024-02-10 03:14:54.718836"
"145",1,"ID","Palembang","Clouds","few clouds",29.05,29.05,29.05,33.62,74,104.7458,-2.9167,"2024-02-10 03:14:55.412251"
"146",1,"ID","Surabaya","Clouds","scattered clouds",28.34,28.34,28.97,28.94,51,112.7508,-7.2492,"2024-02-10 03:14:55.90989"
"147",1,"ID","Gresik","Rain","light rain",28.32,28.32,28.95,32.4,77,112.6561,-7.1539,"2024-02-10 03:14:56.602561"
"148",1,"ID","Sidoarjo","Rain","light rain",27.98,27.98,28.36,33.51,89,112.7183,-7.4478,"2024-02-10 03:14:57.217298"
"149",1,"ID","Malang","Clouds","few clouds",27.31,27.31,27.31,30.44,80,112.6304,-7.9797,"2024-02-10 03:14:57.950891"
"150",1,"ID","Probolinggo","Clouds","broken clouds",29.25,29.25,29.25,34.11,74,113.2159,-7.7543,"2024-02-10 03:14:58.574309"
"151",1,"ID","Semarang","Rain","moderate rain",26.96,26.96,26.96,31.04,94,110.4203,-6.9932,"2024-02-10 03:14:59.121607"
"152",1,"PH","Solo","Clouds","broken clouds",27.61,27.61,27.61,29.82,69,120.9012,13.7469,"2024-02-10 03:14:59.826544"
"153",1,"ID","Yogyakarta","Clouds","few clouds",30.31,30.31,30.31,34.1,63,110.3608,-7.7828,"2024-02-10 03:15:00.536565"
"154",1,"ID","Medan","Clouds","few clouds",30.57,30.57,31.02,35.4,66,98.6667,3.5833,"2024-02-10 03:15:01.227363"
"155",1,"ID","Tebing Tinggi","Rain","light rain",29.36,29.36,29.36,32.93,67,99.1623,3.3274,"2024-02-10 03:15:01.943756"
"156",1,"ID","Makassar","Rain","light rain",25.03,25.03,25.03,26.2,100,119.4221,-5.14,"2024-02-10 03:15:02.465131"
"157",1,"ID","Jakarta","Haze","haze",30.16,28.05,33.07,37.16,94,106.8451,-6.2146,"2024-02-10 03:15:03.09474"
"158",1,"ID","Tangerang","Clouds","scattered clouds",30.32,29.04,33.06,37.32,78,106.63,-6.1781,"2024-02-10 03:15:04.134996"
"159",1,"ID","Tangerang Selatan","Clouds","scattered clouds",30.63,28.88,32.9,37.63,79,106.7085,-6.2955,"2024-02-10 03:15:04.640939"
"160",1,"ID","Bogor","Clouds","scattered clouds",31.43,27.59,31.61,36.62,63,106.7892,-6.5944,"2024-02-10 03:15:05.218951"
"161",1,"ID","Depok","Haze","haze",30.95,27.55,32.57,37.95,95,106.8186,-6.4,"2024-02-10 03:15:05.930513"
"162",1,"ID","Bekasi","Haze","haze",30.12,29.02,33.04,37.12,89,106.9896,-6.2349,"2024-02-10 03:15:06.736727"
"163",1,"ID","Samarinda","Rain","moderate rain",28.3,28.3,28.3,34.52,89,117.15,-0.5,"2024-02-10 06:17:01.710874"
"164",1,"ID","Balikpapan","Rain","light rain",29.55,29.55,29.55,36.06,79,116.8289,-1.2675,"2024-02-10 06:17:02.465912"
"165",1,"ID","Bandar Lampung","Clouds","broken clouds",29,29,29,33.9,76,105.258,-5.4254,"2024-02-10 06:17:02.989098"
"166",1,"ID","Metro","Clouds","overcast clouds",28.5,28.5,28.5,32.32,74,105.3067,-5.1131,"2024-02-10 06:17:03.672247"
"167",1,"ID","Pringsewu","Clouds","scattered clouds",29.53,29.53,29.53,35.52,77,104.9744,-5.3582,"2024-02-10 06:17:04.381224"
"168",1,"ID","Palembang","Clouds","scattered clouds",31.05,31.05,31.05,37.73,70,104.7458,-2.9167,"2024-02-10 06:17:04.915222"
"169",1,"ID","Surabaya","Rain","light rain",28.9,28.9,28.97,29.08,46,112.7508,-7.2492,"2024-02-10 06:17:05.334259"
"170",1,"ID","Gresik","Clouds","overcast clouds",28.88,28.88,28.95,33.21,74,112.6561,-7.1539,"2024-02-10 06:17:05.907697"
"171",1,"ID","Sidoarjo","Rain","moderate rain",28.98,28.92,28.98,35.58,84,112.7183,-7.4478,"2024-02-10 06:17:06.443012"
"172",1,"ID","Malang","Rain","light rain",26.11,26.11,26.11,26.11,91,112.6304,-7.9797,"2024-02-10 06:17:07.11162"
"173",1,"ID","Probolinggo","Rain","moderate rain",30,30,30,36.3,75,113.2159,-7.7543,"2024-02-10 06:17:07.459347"
"174",1,"ID","Semarang","Rain","light rain",27.96,27.96,27.96,33.45,89,110.4203,-6.9932,"2024-02-10 06:17:07.878617"
"175",1,"PH","Solo","Clouds","broken clouds",27.12,27.12,27.12,29.42,74,120.9012,13.7469,"2024-02-10 06:17:08.550759"
"176",1,"ID","Yogyakarta","Rain","moderate rain",30.45,30.45,30.45,35.12,66,110.3608,-7.7828,"2024-02-10 06:17:09.12902"
"177",1,"ID","Medan","Clouds","few clouds",30.57,30.57,31.02,36.47,70,98.6667,3.5833,"2024-02-10 06:17:09.690699"
"178",1,"ID","Tebing Tinggi","Clouds","overcast clouds",31.78,31.78,31.78,35.45,56,99.1623,3.3274,"2024-02-10 06:17:10.237576"
"179",1,"ID","Makassar","Rain","light rain",30.03,30.03,30.03,37.03,79,119.4221,-5.14,"2024-02-10 06:17:10.870915"
"180",1,"ID","Jakarta","Haze","haze",32.03,30.23,33.07,39.03,83,106.8451,-6.2146,"2024-02-10 06:17:11.337896"
"181",1,"ID","Tangerang","Clouds","few clouds",31.29,30.23,33.07,38.29,71,106.63,-6.1781,"2024-02-10 06:17:12.111585"
"182",1,"ID","Tangerang Selatan","Clouds","few clouds",31.68,30.06,32.9,38.68,76,106.7085,-6.2955,"2024-02-10 06:17:12.719697"
"183",1,"ID","Bogor","Rain","moderate rain",30.36,28.77,33.59,35.41,68,106.7892,-6.5944,"2024-02-10 06:17:13.264627"
"184",1,"ID","Depok","Haze","haze",31.68,29.74,32.58,38.68,78,106.8186,-6.4,"2024-02-10 06:17:13.842732"
"185",1,"ID","Bekasi","Haze","haze",32.22,30.21,33.05,39.22,66,106.9896,-6.2349,"2024-02-10 06:17:14.390264"
"186",1,"ID","Samarinda","Rain","moderate rain",25.8,25.8,25.8,26.89,94,117.15,-0.5,"2024-02-10 09:13:44.936589"
"187",1,"ID","Balikpapan","Rain","moderate rain",25.72,25.72,25.72,26.7,90,116.8289,-1.2675,"2024-02-10 09:13:45.805642"
"188",1,"ID","Bandar Lampung","Clouds","overcast clouds",28.15,28.15,28.15,32.64,81,105.258,-5.4254,"2024-02-10 09:13:46.456936"
"189",1,"ID","Metro","Clouds","broken clouds",27.3,27.3,27.3,30.53,81,105.3067,-5.1131,"2024-02-10 09:13:47.072738"
"190",1,"ID","Pringsewu","Clouds","broken clouds",28.36,28.36,28.36,33.2,81,104.9744,-5.3582,"2024-02-10 09:13:47.842455"
"191",1,"ID","Palembang","Rain","light rain",32.05,32.05,32.05,36.59,58,104.7458,-2.9167,"2024-02-10 09:13:48.665299"
"192",1,"ID","Surabaya","Rain","moderate rain",28.9,27.97,28.9,29.41,49,112.7508,-7.2492,"2024-02-10 09:13:49.326686"
"193",1,"ID","Gresik","Clouds","overcast clouds",28.88,27.95,28.88,34.41,80,112.6561,-7.1539,"2024-02-10 09:13:50.210923"
"194",1,"ID","Sidoarjo","Rain","moderate rain",27.98,27.98,28.92,33.51,89,112.7183,-7.4478,"2024-02-10 09:13:50.899908"
"195",1,"ID","Malang","Rain","light rain",24.33,24.33,24.33,25.3,95,112.6304,-7.9797,"2024-02-10 09:13:51.635193"
"196",1,"ID","Probolinggo","Rain","light rain",25.33,25.33,25.33,26.4,95,113.2159,-7.7543,"2024-02-10 09:13:52.272353"
"197",1,"ID","Semarang","Rain","light rain",27.96,27.96,27.96,32.46,83,110.4203,-6.9932,"2024-02-10 09:13:53.086006"
"198",1,"PH","Solo","Clouds","overcast clouds",27.93,27.93,27.93,29.8,64,120.9012,13.7469,"2024-02-10 09:13:53.876986"
"199",1,"ID","Yogyakarta","Rain","light rain",29.2,29.2,29.2,32.97,69,110.3608,-7.7828,"2024-02-10 09:13:54.65394"
"200",1,"ID","Medan","Clouds","overcast clouds",29.65,29.65,29.65,33.77,68,98.6667,3.5833,"2024-02-10 09:13:55.294151"
"201",1,"ID","Tebing Tinggi","Clouds","overcast clouds",29.61,29.61,29.61,33.68,68,99.1623,3.3274,"2024-02-10 09:13:56.131543"
"202",1,"ID","Makassar","Clouds","scattered clouds",30.03,30.03,30.03,37.03,79,119.4221,-5.14,"2024-02-10 09:13:57.021425"
"203",1,"ID","Jakarta","Thunderstorm","thunderstorm",29.85,29.05,31.96,34.22,68,106.8451,-6.2146,"2024-02-10 09:13:57.749077"
"204",1,"ID","Tangerang","Clouds","scattered clouds",30.33,29.04,31.96,36.39,72,106.63,-6.1781,"2024-02-10 09:13:58.536335"
"205",1,"ID","Tangerang Selatan","Clouds","scattered clouds",30.5,28.88,31.79,36.29,70,106.7085,-6.2955,"2024-02-10 09:13:59.37939"
"206",1,"ID","Bogor","Rain","moderate rain",29.05,27.59,31.99,33.82,75,106.7892,-6.5944,"2024-02-10 09:14:00.2711"
"207",1,"ID","Depok","Thunderstorm","thunderstorm",29.96,28.55,31.47,34.7,69,106.8186,-6.4,"2024-02-10 09:14:00.915745"
"208",1,"ID","Bekasi","Thunderstorm","thunderstorm",29.36,29.02,31.94,33.53,70,106.9896,-6.2349,"2024-02-10 09:14:01.635752"
"209",1,"ID","Samarinda","Clouds","overcast clouds",24.42,24.42,24.42,25.48,98,117.15,-0.5,"2024-02-10 12:23:40.131422"
"210",1,"ID","Balikpapan","Clouds","scattered clouds",25.55,25.55,25.55,26.62,94,116.8289,-1.2675,"2024-02-10 12:23:40.781062"
"211",1,"ID","Bandar Lampung","Rain","light rain",23.52,23.52,23.52,24.38,94,105.258,-5.4254,"2024-02-10 12:23:41.369557"
"212",1,"ID","Metro","Clouds","overcast clouds",23.91,23.91,23.91,24.86,96,105.3067,-5.1131,"2024-02-10 12:23:41.738308"
"213",1,"ID","Pringsewu","Clouds","overcast clouds",23.81,23.81,23.81,24.78,97,104.9744,-5.3582,"2024-02-10 12:23:42.37799"
"214",1,"ID","Palembang","Clouds","scattered clouds",27.05,27.05,27.05,30.77,89,104.7458,-2.9167,"2024-02-10 12:23:42.85831"
"215",1,"ID","Surabaya","Haze","haze",28.34,26.97,28.34,28.65,48,112.7508,-7.2492,"2024-02-10 12:23:43.462994"
"216",1,"ID","Gresik","Rain","heavy intensity rain",28.32,26.95,28.32,35.18,92,112.6561,-7.1539,"2024-02-10 12:23:44.129532"
"217",1,"ID","Sidoarjo","Haze","haze",26.98,26.98,28.36,31.1,94,112.7183,-7.4478,"2024-02-10 12:23:44.546281"
"218",1,"ID","Malang","Clouds","overcast clouds",22.93,22.93,22.93,23.86,99,112.6304,-7.9797,"2024-02-10 12:23:45.195719"
"219",1,"ID","Probolinggo","Rain","light rain",25.25,25.25,25.25,26.26,93,113.2159,-7.7543,"2024-02-10 12:23:45.712346"
"220",1,"ID","Semarang","Rain","heavy intensity rain",27.96,27.96,27.96,32.46,83,110.4203,-6.9932,"2024-02-10 12:23:46.439842"
"221",1,"PH","Solo","Clouds","scattered clouds",25,25,25,25.54,76,120.9012,13.7469,"2024-02-10 12:23:47.159478"
"222",1,"ID","Yogyakarta","Rain","light rain",25.36,25.36,25.36,26.28,89,110.3608,-7.7828,"2024-02-10 12:23:47.757567"
"223",1,"ID","Medan","Clouds","few clouds",27.79,27.79,28.02,32.01,83,98.6667,3.5833,"2024-02-10 12:23:48.420805"
"224",1,"ID","Tebing Tinggi","Clouds","scattered clouds",25.71,25.71,25.71,26.58,86,99.1623,3.3274,"2024-02-10 12:23:49.104412"
"225",1,"ID","Makassar","Clouds","scattered clouds",28.03,28.03,28.03,33.67,89,119.4221,-5.14,"2024-02-10 12:23:49.588366"
"226",1,"ID","Jakarta","Clouds","scattered clouds",27.32,27.05,28.96,30.35,79,106.8451,-6.2146,"2024-02-10 12:23:50.162986"
"227",1,"ID","Tangerang","Haze","haze",28.69,27.04,28.95,34.09,81,106.63,-6.1781,"2024-02-10 12:23:50.748645"
"228",1,"ID","Tangerang Selatan","Haze","haze",27.66,26.88,28.79,30.38,73,106.7085,-6.2955,"2024-02-10 12:23:51.309"
"229",1,"ID","Bogor","Clouds","broken clouds",25.59,25.59,26.37,26.53,89,106.7892,-6.5944,"2024-02-10 12:23:51.833392"
"230",1,"ID","Depok","Rain","moderate rain",26.9,26.55,28.47,29.35,78,106.8186,-6.4,"2024-02-10 12:23:52.316352"
"231",1,"ID","Bekasi","Clouds","scattered clouds",27.14,27.02,28.94,30.37,83,106.9896,-6.2349,"2024-02-10 12:23:52.693834"
"232",1,"ID","Samarinda","Clouds","overcast clouds",24.28,24.28,24.28,25.32,98,117.15,-0.5,"2024-02-10 15:13:17.336694"
"233",1,"ID","Balikpapan","Rain","moderate rain",25.55,25.55,25.55,26.62,94,116.8289,-1.2675,"2024-02-10 15:13:17.909071"
"234",1,"ID","Bandar Lampung","Clouds","overcast clouds",23.33,23.33,23.33,24.25,97,105.258,-5.4254,"2024-02-10 15:13:18.505637"
"235",1,"ID","Metro","Clouds","overcast clouds",23.74,23.74,23.74,24.68,96,105.3067,-5.1131,"2024-02-10 15:13:18.952667"
"236",1,"ID","Pringsewu","Clouds","overcast clouds",23.31,23.31,23.31,24.28,99,104.9744,-5.3582,"2024-02-10 15:13:19.615134"
"237",1,"ID","Palembang","Haze","haze",27.05,27.05,27.05,30.77,89,104.7458,-2.9167,"2024-02-10 15:13:20.35408"
"238",1,"ID","Surabaya","Haze","haze",27.23,25.97,27.23,27.38,46,112.7508,-7.2492,"2024-02-10 15:13:21.032254"
"239",1,"ID","Gresik","Rain","heavy intensity rain",27.21,25.95,27.21,32.21,97,112.6561,-7.1539,"2024-02-10 15:13:21.534844"
"240",1,"ID","Sidoarjo","Haze","haze",25.98,25.98,27.25,25.98,94,112.7183,-7.4478,"2024-02-10 15:13:22.044915"
"241",1,"ID","Malang","Rain","light rain",22.63,22.63,22.63,23.48,97,112.6304,-7.9797,"2024-02-10 15:13:22.811279"
"242",1,"ID","Probolinggo","Clouds","overcast clouds",25.55,25.55,25.55,26.41,86,113.2159,-7.7543,"2024-02-10 15:13:23.305755"
"243",1,"ID","Semarang","Rain","moderate rain",26.96,26.96,26.96,30.52,89,110.4203,-6.9932,"2024-02-10 15:13:23.792827"
"244",1,"PH","Solo","Clouds","scattered clouds",23.83,23.83,23.83,24.41,82,120.9012,13.7469,"2024-02-10 15:13:24.455202"
"245",1,"ID","Yogyakarta","Clouds","broken clouds",24.63,24.63,24.63,25.58,93,110.3608,-7.7828,"2024-02-10 15:13:25.008481"
"246",1,"ID","Medan","Clouds","overcast clouds",25.57,25.57,25.57,26.64,94,98.6667,3.5833,"2024-02-10 15:13:25.504581"
"247",1,"ID","Tebing Tinggi","Clouds","overcast clouds",24.54,24.54,24.54,25.4,90,99.1623,3.3274,"2024-02-10 15:13:26.149139"
"248",1,"ID","Makassar","Rain","moderate rain",27.03,27.03,27.03,31.95,100,119.4221,-5.14,"2024-02-10 15:13:26.76786"
"249",1,"ID","Jakarta","Haze","haze",27.31,25.5,27.83,30.78,83,106.8451,-6.2146,"2024-02-10 15:13:27.229867"
"250",1,"ID","Tangerang","Rain","light rain",26.12,25.5,27.82,26.12,87,106.63,-6.1781,"2024-02-10 15:13:27.875333"
"251",1,"ID","Tangerang Selatan","Rain","light rain",27.65,25.33,27.66,30.6,75,106.7085,-6.2955,"2024-02-10 15:13:28.3735"
"252",1,"ID","Bogor","Clouds","scattered clouds",25.59,25.59,26.37,26.55,90,106.7892,-6.5944,"2024-02-10 15:13:28.932103"
"253",1,"ID","Depok","Haze","haze",26.9,25.01,27.33,29.7,82,106.8186,-6.4,"2024-02-10 15:13:29.548537"
"254",1,"ID","Bekasi","Haze","haze",27.14,25.48,27.8,31.02,89,106.9896,-6.2349,"2024-02-10 15:13:30.24999"
"255",1,"ID","Samarinda","Clouds","overcast clouds",24,24,24,25.01,98,117.15,-0.5,"2024-02-10 18:17:00.195517"
"256",1,"ID","Balikpapan","Clouds","scattered clouds",25.55,25.55,25.55,26.62,94,116.8289,-1.2675,"2024-02-10 18:17:00.97022"
"257",1,"ID","Bandar Lampung","Clouds","overcast clouds",23.15,23.15,23.15,24.03,96,105.258,-5.4254,"2024-02-10 18:17:01.872273"
"258",1,"ID","Metro","Clouds","overcast clouds",23.56,23.56,23.56,24.48,96,105.3067,-5.1131,"2024-02-10 18:17:02.598214"
"259",1,"ID","Pringsewu","Rain","light rain",23.61,23.61,23.61,24.61,99,104.9744,-5.3582,"2024-02-10 18:17:03.355497"
"260",1,"ID","Palembang","Haze","haze",27.05,27.05,27.05,30.77,89,104.7458,-2.9167,"2024-02-10 18:17:04.051707"
"261",1,"ID","Surabaya","Haze","haze",24.97,24.97,24.97,26.13,100,112.7508,-7.2492,"2024-02-10 18:17:04.964397"
"262",1,"ID","Gresik","Rain","moderate rain",24.95,24.95,24.95,26.06,98,112.6561,-7.1539,"2024-02-10 18:17:05.989223"
"263",1,"ID","Sidoarjo","Haze","haze",24.98,24.98,24.98,26.14,100,112.7183,-7.4478,"2024-02-10 18:17:06.676351"
"264",1,"ID","Malang","Rain","light rain",22.27,22.27,22.27,23.14,99,112.6304,-7.9797,"2024-02-10 18:17:07.386511"
"265",1,"ID","Probolinggo","Rain","light rain",24.65,24.65,24.65,25.68,96,113.2159,-7.7543,"2024-02-10 18:17:08.15593"
"266",1,"ID","Semarang","Rain","light rain",26.96,26.96,26.96,30.52,89,110.4203,-6.9932,"2024-02-10 18:17:08.863059"
"267",1,"PH","Solo","Clouds","few clouds",23.08,23.08,23.08,23.58,82,120.9012,13.7469,"2024-02-10 18:17:09.648717"
"268",1,"ID","Yogyakarta","Clouds","overcast clouds",24.13,24.13,24.13,25.05,94,110.3608,-7.7828,"2024-02-10 18:17:10.431654"
"269",1,"ID","Medan","Mist","mist",25.01,25.01,25.02,26.02,94,98.6667,3.5833,"2024-02-10 18:17:11.408864"
"270",1,"ID","Tebing Tinggi","Rain","light rain",24.19,24.19,24.19,25.01,90,99.1623,3.3274,"2024-02-10 18:17:12.169517"
"271",1,"ID","Makassar","Clouds","scattered clouds",26.03,26.03,26.03,26.03,94,119.4221,-5.14,"2024-02-10 18:17:12.778031"
"272",1,"ID","Jakarta","Rain","light rain",26.73,26.61,27.51,29.39,83,106.8451,-6.2146,"2024-02-10 18:17:13.453595"
"273",1,"ID","Tangerang","Haze","haze",26.78,26.61,27.51,30.3,92,106.63,-6.1781,"2024-02-10 18:17:14.237237"
"274",1,"ID","Tangerang Selatan","Haze","haze",26.8,26.44,27.34,29.47,82,106.7085,-6.2955,"2024-02-10 18:17:14.967439"
"275",1,"ID","Bogor","Clouds","scattered clouds",26.05,25.26,26.05,26.05,86,106.7892,-6.5944,"2024-02-10 18:17:15.867673"
"276",1,"ID","Depok","Clouds","scattered clouds",26.59,26.12,27.02,26.59,83,106.8186,-6.4,"2024-02-10 18:17:16.566754"
"277",1,"ID","Bekasi","Rain","light rain",26.7,26.59,27.49,29.4,84,106.9896,-6.2349,"2024-02-10 18:17:17.414096"
"278",1,"ID","Samarinda","Clouds","overcast clouds",23.72,23.72,23.72,24.71,98,117.15,-0.5,"2024-02-10 21:13:41.80964"
"279",1,"ID","Balikpapan","Rain","light rain",25.55,25.55,25.55,26.62,94,116.8289,-1.2675,"2024-02-10 21:13:42.67019"
"280",1,"ID","Bandar Lampung","Clouds","overcast clouds",23.06,23.06,23.06,23.93,96,105.258,-5.4254,"2024-02-10 21:13:43.537553"
"281",1,"ID","Metro","Clouds","overcast clouds",23.31,23.31,23.31,24.2,96,105.3067,-5.1131,"2024-02-10 21:13:44.311081"
"282",1,"ID","Pringsewu","Clouds","overcast clouds",22.87,22.87,22.87,23.77,98,104.9744,-5.3582,"2024-02-10 21:13:44.941024"
"283",1,"ID","Palembang","Haze","haze",26.05,26.05,26.05,26.05,94,104.7458,-2.9167,"2024-02-10 21:13:45.574976"
"284",1,"ID","Surabaya","Mist","mist",24.97,24.97,24.97,26.13,100,112.7508,-7.2492,"2024-02-10 21:13:46.30431"
"285",1,"ID","Gresik","Clouds","overcast clouds",24.95,24.95,24.95,25.98,95,112.6561,-7.1539,"2024-02-10 21:13:47.202673"
"286",1,"ID","Sidoarjo","Mist","mist",24.98,24.98,24.98,26.14,100,112.7183,-7.4478,"2024-02-10 21:13:47.819774"
"287",1,"ID","Malang","Clouds","overcast clouds",22.89,22.89,22.89,23.74,96,112.6304,-7.9797,"2024-02-10 21:13:48.5535"
"288",1,"ID","Probolinggo","Clouds","overcast clouds",24.53,24.53,24.53,25.49,94,113.2159,-7.7543,"2024-02-10 21:13:49.38961"
"289",1,"ID","Semarang","Clouds","overcast clouds",26.96,26.96,26.96,29.93,83,110.4203,-6.9932,"2024-02-10 21:13:50.111885"
"290",1,"PH","Solo","Clear","clear sky",24.31,24.31,24.31,24.81,77,120.9012,13.7469,"2024-02-10 21:13:50.974662"
"291",1,"ID","Yogyakarta","Clouds","overcast clouds",24.13,24.13,24.13,25.03,93,110.3608,-7.7828,"2024-02-10 21:13:51.723279"
"292",1,"ID","Medan","Mist","mist",23.9,23.9,24.02,24.96,100,98.6667,3.5833,"2024-02-10 21:13:52.573469"
"293",1,"ID","Tebing Tinggi","Clouds","broken clouds",23.45,23.45,23.45,24.25,92,99.1623,3.3274,"2024-02-10 21:13:53.316296"
"294",1,"ID","Makassar","Clouds","scattered clouds",25.03,25.03,25.03,26.2,100,119.4221,-5.14,"2024-02-10 21:13:54.056233"
"295",1,"ID","Jakarta","Clouds","overcast clouds",25.51,24.94,26.4,26.39,87,106.8451,-6.2146,"2024-02-10 21:13:54.878273"
"296",1,"ID","Tangerang","Clouds","few clouds",25.01,24.94,26.4,25.99,93,106.63,-6.1781,"2024-02-10 21:13:55.773672"
"297",1,"ID","Tangerang Selatan","Clouds","few clouds",25.69,24.77,26.23,26.53,85,106.7085,-6.2955,"2024-02-10 21:13:56.607591"
"298",1,"ID","Bogor","Rain","light rain",24.94,24.15,24.94,25.71,85,106.7892,-6.5944,"2024-02-10 21:13:57.350097"
"299",1,"ID","Depok","Clouds","overcast clouds",25.48,24.45,25.91,26.36,87,106.8186,-6.4,"2024-02-10 21:13:58.001824"
"300",1,"ID","Bekasi","Rain","moderate rain",25.55,24.92,26.38,26.33,83,106.9896,-6.2349,"2024-02-10 21:13:58.889646"
"301",1,"ID","Samarinda","Clouds","overcast clouds",24.81,24.81,24.81,25.8,94,117.15,-0.5,"2024-02-11 01:05:26.566924"
"302",1,"ID","Balikpapan","Rain","light rain",26.55,26.55,26.55,26.55,83,116.8289,-1.2675,"2024-02-11 01:05:27.391108"
"303",1,"ID","Bandar Lampung","Clouds","overcast clouds",25.62,25.62,25.62,26.48,86,105.258,-5.4254,"2024-02-11 01:05:28.300265"
"304",1,"ID","Metro","Clouds","overcast clouds",25.85,25.85,25.85,26.61,81,105.3067,-5.1131,"2024-02-11 01:05:29.080765"
"305",1,"ID","Pringsewu","Clouds","overcast clouds",25.27,25.27,25.27,26.2,90,104.9744,-5.3582,"2024-02-11 01:05:29.785246"
"306",1,"ID","Palembang","Haze","haze",26.05,26.05,26.05,26.05,94,104.7458,-2.9167,"2024-02-11 01:05:30.678957"
"307",1,"ID","Surabaya","Mist","mist",26.97,26.97,26.97,31.07,94,112.7508,-7.2492,"2024-02-11 01:05:31.495064"
"308",1,"ID","Gresik","Clouds","overcast clouds",26.95,26.95,26.95,30.8,92,112.6561,-7.1539,"2024-02-11 01:05:32.350184"
"309",1,"ID","Sidoarjo","Mist","mist",26.98,26.98,26.98,31.1,94,112.7183,-7.4478,"2024-02-11 01:05:33.331745"
"310",1,"ID","Malang","Clouds","overcast clouds",23.64,23.64,23.64,24.51,94,112.6304,-7.9797,"2024-02-11 01:05:34.093241"
"311",1,"ID","Probolinggo","Clouds","overcast clouds",25.79,25.79,25.79,26.64,85,113.2159,-7.7543,"2024-02-11 01:05:34.876369"
"312",1,"ID","Semarang","Clouds","few clouds",27.96,27.96,27.96,32.46,83,110.4203,-6.9932,"2024-02-11 01:05:35.71953"
"313",1,"PH","Solo","Clear","clear sky",24.71,24.71,24.71,25.17,74,120.9012,13.7469,"2024-02-11 01:05:36.602235"
"314",1,"ID","Yogyakarta","Clouds","overcast clouds",25.58,25.58,25.58,26.47,87,110.3608,-7.7828,"2024-02-11 01:05:37.240963"
"315",1,"ID","Medan","Mist","mist",23.9,23.9,24.02,24.96,100,98.6667,3.5833,"2024-02-11 01:05:38.090009"
"316",1,"ID","Tebing Tinggi","Clouds","scattered clouds",24.77,24.77,24.77,25.63,89,99.1623,3.3274,"2024-02-11 01:05:38.852233"
"317",1,"ID","Makassar","Clouds","scattered clouds",27.03,27.03,27.03,31.95,100,119.4221,-5.14,"2024-02-11 01:05:39.476792"
"318",1,"ID","Jakarta","Haze","haze",26.22,26.05,29.18,26.22,89,106.8451,-6.2146,"2024-02-11 01:05:40.096723"
"319",1,"ID","Tangerang","Clouds","few clouds",27.94,26.04,29.18,33.39,89,106.63,-6.1781,"2024-02-11 01:05:40.748119"
"320",1,"ID","Tangerang Selatan","Clouds","few clouds",28.99,25.88,29.01,33.87,76,106.7085,-6.2955,"2024-02-11 01:05:41.557517"
"321",1,"ID","Bogor","Clouds","broken clouds",27.72,24.59,27.72,31.55,81,106.7892,-6.5944,"2024-02-11 01:05:42.345769"
"322",1,"ID","Depok","Haze","haze",26.83,25.55,28.69,30.16,89,106.8186,-6.4,"2024-02-11 01:05:43.227792"
"323",1,"ID","Bekasi","Haze","haze",26.04,26.02,29.16,26.04,89,106.9896,-6.2349,"2024-02-11 01:05:44.1221"
"324",1,"ID","Samarinda","Clouds","overcast clouds",26.82,26.82,26.82,29.18,78,117.15,-0.5,"2024-02-11 03:14:39.573333"
"325",1,"ID","Balikpapan","Clouds","few clouds",29.55,29.55,29.55,34.86,74,116.8289,-1.2675,"2024-02-11 03:14:40.251401"
"326",1,"ID","Bandar Lampung","Clouds","overcast clouds",28.67,28.67,28.67,32.19,71,105.258,-5.4254,"2024-02-11 03:14:40.831217"
"327",1,"ID","Metro","Clouds","broken clouds",28.75,28.75,28.75,32.02,69,105.3067,-5.1131,"2024-02-11 03:14:41.41753"
"328",1,"ID","Pringsewu","Clouds","broken clouds",28.39,28.39,28.39,32.57,77,104.9744,-5.3582,"2024-02-11 03:14:41.875127"
"329",1,"ID","Palembang","Clouds","scattered clouds",29.05,29.05,29.05,33.62,74,104.7458,-2.9167,"2024-02-11 03:14:42.589874"
"330",1,"ID","Surabaya","Clouds","few clouds",28.9,28.9,29.97,29.41,49,112.7508,-7.2492,"2024-02-11 03:14:43.337345"
"331",1,"ID","Gresik","Rain","light rain",28.88,28.88,29.95,34.41,80,112.6561,-7.1539,"2024-02-11 03:14:43.803615"
"332",1,"ID","Sidoarjo","Clouds","few clouds",29.98,28.92,29.98,36.98,79,112.7183,-7.4478,"2024-02-11 03:14:44.463392"
"333",1,"ID","Malang","Rain","light rain",26.41,26.41,26.41,26.41,84,112.6304,-7.9797,"2024-02-11 03:14:45.04216"
"334",1,"ID","Probolinggo","Clouds","overcast clouds",26.6,26.6,26.6,26.6,82,113.2159,-7.7543,"2024-02-11 03:14:45.636349"
"335",1,"ID","Semarang","Clouds","few clouds",30.96,30.96,30.96,36.34,66,110.4203,-6.9932,"2024-02-11 03:14:46.174909"
"336",1,"PH","Solo","Clear","clear sky",28.05,28.05,28.05,29.75,62,120.9012,13.7469,"2024-02-11 03:14:46.8241"
"337",1,"ID","Yogyakarta","Clouds","overcast clouds",29.16,29.16,29.16,33.08,70,110.3608,-7.7828,"2024-02-11 03:14:47.338627"
"338",1,"ID","Medan","Haze","haze",28.9,28.9,29.02,34.25,79,98.6667,3.5833,"2024-02-11 03:14:47.96987"
"339",1,"ID","Tebing Tinggi","Clouds","overcast clouds",27.26,27.26,27.26,30.33,80,99.1623,3.3274,"2024-02-11 03:14:48.571028"
"340",1,"ID","Makassar","Rain","moderate rain",27.03,27.03,27.03,31.95,100,119.4221,-5.14,"2024-02-11 03:14:49.150108"
"341",1,"ID","Jakarta","Haze","haze",30.96,29.94,32.51,37.96,87,106.8451,-6.2146,"2024-02-11 03:14:49.562582"
"342",1,"ID","Tangerang","Rain","light rain",30.56,29.94,32.5,37.56,74,106.63,-6.1781,"2024-02-11 03:14:50.07943"
"343",1,"ID","Tangerang Selatan","Clouds","scattered clouds",31.28,29.77,32.34,38.28,82,106.7085,-6.2955,"2024-02-11 03:14:50.604233"
"344",1,"ID","Bogor","Rain","light rain",31.02,28.59,31.05,35.66,63,106.7892,-6.5944,"2024-02-11 03:14:51.160708"
"345",1,"ID","Depok","Haze","haze",31.15,29.45,32.01,38.15,88,106.8186,-6.4,"2024-02-11 03:14:51.520093"
"346",1,"ID","Bekasi","Haze","haze",30.76,29.92,32.48,37.76,74,106.9896,-6.2349,"2024-02-11 03:14:52.267088"
"347",1,"ID","Samarinda","Rain","light rain",27.78,27.78,27.78,31.99,83,117.15,-0.5,"2024-02-11 06:18:12.736864"
"348",1,"ID","Balikpapan","Rain","light rain",30.55,30.55,30.55,37.55,74,116.8289,-1.2675,"2024-02-11 06:18:13.434959"
"349",1,"ID","Bandar Lampung","Clouds","broken clouds",28.98,28.98,28.98,33.45,74,105.258,-5.4254,"2024-02-11 06:18:14.06509"
"350",1,"ID","Metro","Clouds","broken clouds",30.66,30.66,30.66,34.61,62,105.3067,-5.1131,"2024-02-11 06:18:14.738803"
"351",1,"ID","Pringsewu","Clouds","overcast clouds",29.39,29.39,29.39,34.46,74,104.9744,-5.3582,"2024-02-11 06:18:15.583818"
"352",1,"ID","Palembang","Clouds","scattered clouds",33.05,33.05,33.05,37.93,55,104.7458,-2.9167,"2024-02-11 06:18:16.219542"
"353",1,"ID","Surabaya","Clouds","scattered clouds",29.45,29.45,30.97,29.51,44,112.7508,-7.2492,"2024-02-11 06:18:16.752424"
"354",1,"ID","Gresik","Clouds","overcast clouds",29.43,29.43,30.95,33.9,71,112.6561,-7.1539,"2024-02-11 06:18:17.484184"
"355",1,"ID","Sidoarjo","Rain","light rain",30.98,29.47,30.98,37.98,74,112.7183,-7.4478,"2024-02-11 06:18:18.250208"
"356",1,"ID","Malang","Rain","moderate rain",26.83,26.83,26.83,29.8,85,112.6304,-7.9797,"2024-02-11 06:18:18.762927"
"357",1,"ID","Probolinggo","Rain","light rain",30.14,30.14,30.14,34.89,68,113.2159,-7.7543,"2024-02-11 06:18:19.348234"
"358",1,"ID","Semarang","Rain","light rain",30.96,30.96,30.96,37.96,74,110.4203,-6.9932,"2024-02-11 06:18:19.881592"
"359",1,"PH","Solo","Clear","clear sky",27.48,27.48,27.48,29.59,69,120.9012,13.7469,"2024-02-11 06:18:20.350686"
"360",1,"ID","Yogyakarta","Rain","light rain",31.11,31.11,31.11,35.34,61,110.3608,-7.7828,"2024-02-11 06:18:20.935123"
"361",1,"ID","Medan","Clouds","scattered clouds",28.9,28.9,29.02,34.25,79,98.6667,3.5833,"2024-02-11 06:18:21.641709"
"362",1,"ID","Tebing Tinggi","Clouds","broken clouds",31.24,31.24,31.24,34.12,55,99.1623,3.3274,"2024-02-11 06:18:22.166547"
"363",1,"ID","Makassar","Rain","moderate rain",25.03,25.03,25.03,26.04,94,119.4221,-5.14,"2024-02-11 06:18:22.861748"
"364",1,"ID","Jakarta","Clouds","scattered clouds",32.42,31.61,32.9,39.42,81,106.8451,-6.2146,"2024-02-11 06:18:23.463226"
"365",1,"ID","Tangerang","Clouds","few clouds",31.82,31.34,32.89,38.82,67,106.63,-6.1781,"2024-02-11 06:18:24.040003"
"366",1,"ID","Tangerang Selatan","Rain","light rain",31.94,31.17,32.73,38.94,80,106.7085,-6.2955,"2024-02-11 06:18:24.499116"
"367",1,"ID","Bogor","Clouds","scattered clouds",30.32,29.88,31.44,34.82,66,106.7892,-6.5944,"2024-02-11 06:18:25.03795"
"368",1,"ID","Depok","Rain","moderate rain",31.72,30.85,32.4,38.72,82,106.8186,-6.4,"2024-02-11 06:18:25.636323"
"369",1,"ID","Bekasi","Rain","light rain",32.28,31.32,32.87,38.39,62,106.9896,-6.2349,"2024-02-11 06:18:26.236354"
"370",1,"ID","Samarinda","Rain","moderate rain",23.95,23.95,23.95,24.93,97,117.15,-0.5,"2024-02-11 09:12:56.417892"
"371",1,"ID","Balikpapan","Rain","moderate rain",27.55,27.55,27.55,31.39,83,116.8289,-1.2675,"2024-02-11 09:12:57.003739"
"372",1,"ID","Bandar Lampung","Clouds","broken clouds",28.18,28.18,28.18,32.23,78,105.258,-5.4254,"2024-02-11 09:12:57.539448"
"373",1,"ID","Metro","Clouds","broken clouds",29.61,29.61,29.61,34.11,70,105.3067,-5.1131,"2024-02-11 09:12:58.030768"
"374",1,"ID","Pringsewu","Clouds","scattered clouds",28.2,28.2,28.2,32.77,81,104.9744,-5.3582,"2024-02-11 09:12:58.587182"
"375",1,"ID","Palembang","Clouds","broken clouds",31.05,31.05,31.05,36.56,66,104.7458,-2.9167,"2024-02-11 09:12:59.239389"
"376",1,"ID","Surabaya","Clouds","broken clouds",28.34,23.97,28.34,29.15,53,112.7508,-7.2492,"2024-02-11 09:12:59.662669"
"377",1,"ID","Gresik","Clouds","overcast clouds",28.32,23.95,28.32,33.27,82,112.6561,-7.1539,"2024-02-11 09:13:00.302218"
"378",1,"ID","Sidoarjo","Thunderstorm","thunderstorm with light rain",23.98,23.98,28.36,25.04,100,112.7183,-7.4478,"2024-02-11 09:13:00.940158"
"379",2,"ID","Sidoarjo","Rain","moderate rain",23.98,23.98,28.36,25.04,100,112.7183,-7.4478,"2024-02-11 09:13:00.940158"
"380",1,"ID","Malang","Rain","moderate rain",25.44,25.44,25.44,26.42,91,112.6304,-7.9797,"2024-02-11 09:13:01.492751"
"381",1,"ID","Probolinggo","Rain","light rain",27.27,27.27,27.27,31.27,88,113.2159,-7.7543,"2024-02-11 09:13:02.05269"
"382",1,"ID","Semarang","Clouds","scattered clouds",29.96,29.96,29.96,35.93,74,110.4203,-6.9932,"2024-02-11 09:13:02.763795"
"383",1,"PH","Solo","Clouds","broken clouds",27.95,27.95,27.95,29.71,63,120.9012,13.7469,"2024-02-11 09:13:03.30394"
"384",1,"ID","Yogyakarta","Clouds","broken clouds",29.08,29.08,29.08,33.29,72,110.3608,-7.7828,"2024-02-11 09:13:03.855077"
"385",1,"ID","Medan","Clouds","few clouds",31.68,31.68,32.02,36.06,59,98.6667,3.5833,"2024-02-11 09:13:04.402373"
"386",1,"ID","Tebing Tinggi","Clouds","scattered clouds",30.49,30.49,30.49,33.35,58,99.1623,3.3274,"2024-02-11 09:13:04.86179"
"387",1,"ID","Makassar","Rain","moderate rain",25.03,25.03,25.03,26.2,100,119.4221,-5.14,"2024-02-11 09:13:05.30357"
"388",1,"ID","Jakarta","Rain","light rain",31.74,28.01,33.45,38.74,83,106.8451,-6.2146,"2024-02-11 09:13:06.024039"
"389",1,"ID","Tangerang","Rain","light rain",30.99,28.01,33.44,37.27,69,106.63,-6.1781,"2024-02-11 09:13:06.518812"
"390",1,"ID","Tangerang Selatan","Clouds","scattered clouds",31.21,27.84,33.28,38.21,73,106.7085,-6.2955,"2024-02-11 09:13:07.168434"
"391",1,"ID","Bogor","Clouds","broken clouds",28.38,26.55,31.99,32.89,79,106.7892,-6.5944,"2024-02-11 09:13:07.681775"
"392",1,"ID","Depok","Rain","light rain",31.01,27.52,32.95,38.01,84,106.8186,-6.4,"2024-02-11 09:13:08.388108"
"393",1,"ID","Bekasi","Clouds","scattered clouds",31.75,27.99,33.42,38.34,66,106.9896,-6.2349,"2024-02-11 09:13:08.989356"
"394",1,"ID","Samarinda","Rain","light rain",23.38,23.38,23.38,24.33,98,117.15,-0.5,"2024-02-11 12:23:31.417039"
"395",1,"ID","Balikpapan","Rain","moderate rain",27.55,27.55,27.55,31.39,83,116.8289,-1.2675,"2024-02-11 12:23:32.272024"
"396",1,"ID","Bandar Lampung","Rain","moderate rain",24.76,24.76,24.76,25.62,89,105.258,-5.4254,"2024-02-11 12:23:33.270299"
"397",1,"ID","Metro","Clouds","broken clouds",26.13,26.13,26.13,26.13,82,105.3067,-5.1131,"2024-02-11 12:23:33.950929"
"398",1,"ID","Pringsewu","Clouds","broken clouds",24.55,24.55,24.55,25.44,91,104.9744,-5.3582,"2024-02-11 12:23:34.823263"
"399",1,"ID","Palembang","Clouds","scattered clouds",28.05,28.05,28.05,30.63,69,104.7458,-2.9167,"2024-02-11 12:23:35.466069"
"400",1,"ID","Surabaya","Clouds","few clouds",24.97,24.97,24.97,26.13,100,112.7508,-7.2492,"2024-02-11 12:23:36.260999"
"401",1,"ID","Gresik","Rain","light rain",24.95,24.95,24.95,25.8,88,112.6561,-7.1539,"2024-02-11 12:23:36.957644"
"402",1,"ID","Sidoarjo","Clouds","few clouds",24.98,24.98,24.98,26.14,100,112.7183,-7.4478,"2024-02-11 12:23:37.705601"
"403",1,"ID","Malang","Rain","light rain",23.49,23.49,23.49,24.43,97,112.6304,-7.9797,"2024-02-11 12:23:38.602763"
"404",1,"ID","Probolinggo","Rain","light rain",24.58,24.58,24.58,25.42,89,113.2159,-7.7543,"2024-02-11 12:23:39.228393"
"405",1,"ID","Semarang","Clouds","scattered clouds",25.96,25.96,25.96,25.96,94,110.4203,-6.9932,"2024-02-11 12:23:40.017331"
"406",1,"PH","Solo","Clouds","scattered clouds",24.77,24.77,24.77,25.26,75,120.9012,13.7469,"2024-02-11 12:23:40.682488"
"407",1,"ID","Yogyakarta","Clouds","broken clouds",25.32,25.32,25.32,26.26,90,110.3608,-7.7828,"2024-02-11 12:23:41.499305"
"408",1,"ID","Medan","Rain","light rain",27.79,27.79,28.02,31.3,78,98.6667,3.5833,"2024-02-11 12:23:42.38219"
"409",1,"ID","Tebing Tinggi","Rain","light rain",25.96,25.96,25.96,25.96,80,99.1623,3.3274,"2024-02-11 12:23:43.364072"
"410",1,"ID","Makassar","Clouds","scattered clouds",25.03,25.03,25.03,26.2,100,119.4221,-5.14,"2024-02-11 12:23:44.11423"
"411",1,"ID","Jakarta","Clouds","scattered clouds",28.04,27.05,29.49,31.89,78,106.8451,-6.2146,"2024-02-11 12:23:44.866144"
"412",1,"ID","Tangerang","Clouds","scattered clouds",28.93,27.04,29.48,34.55,80,106.63,-6.1781,"2024-02-11 12:23:45.517128"
"413",1,"ID","Tangerang Selatan","Clouds","scattered clouds",29.31,26.88,29.32,34.04,73,106.7085,-6.2955,"2024-02-11 12:23:46.225189"
"414",1,"ID","Bogor","Rain","light rain",25.59,25.59,28.03,26.35,82,106.7892,-6.5944,"2024-02-11 12:23:47.127374"
"415",1,"ID","Depok","Clouds","scattered clouds",27.64,26.55,28.99,30.96,78,106.8186,-6.4,"2024-02-11 12:23:47.910654"
"416",1,"ID","Bekasi","Clouds","scattered clouds",27.41,27.02,29.46,31.03,83,106.9896,-6.2349,"2024-02-11 12:23:48.63782"
"417",1,"ID","Samarinda","Clouds","overcast clouds",23.09,23.09,23.09,24.01,98,117.15,-0.5,"2024-02-11 15:14:38.591355"
"418",1,"ID","Balikpapan","Rain","light rain",25.55,25.55,25.55,26.62,94,116.8289,-1.2675,"2024-02-11 15:14:39.129731"
"419",1,"ID","Bandar Lampung","Rain","moderate rain",23.84,23.84,23.84,24.66,91,105.258,-5.4254,"2024-02-11 15:14:39.763629"
"420",1,"ID","Metro","Rain","light rain",25.26,25.26,25.26,26.11,87,105.3067,-5.1131,"2024-02-11 15:14:40.207371"
"421",1,"ID","Pringsewu","Rain","light rain",23.77,23.77,23.77,24.68,95,104.9744,-5.3582,"2024-02-11 15:14:40.67916"
"422",1,"ID","Palembang","Clouds","few clouds",27.05,27.05,27.05,30.15,83,104.7458,-2.9167,"2024-02-11 15:14:41.394405"
"423",1,"ID","Surabaya","Clouds","few clouds",27.79,24.97,27.79,28.66,55,112.7508,-7.2492,"2024-02-11 15:14:41.958688"
"424",1,"ID","Gresik","Rain","light rain",27.77,24.95,27.77,33.19,91,112.6561,-7.1539,"2024-02-11 15:14:42.532891"
"425",1,"ID","Sidoarjo","Clouds","few clouds",24.98,24.98,27.81,26.14,100,112.7183,-7.4478,"2024-02-11 15:14:43.220308"
"426",1,"ID","Malang","Clouds","overcast clouds",22.48,22.48,22.48,23.21,93,112.6304,-7.9797,"2024-02-11 15:14:43.637905"
"427",1,"ID","Probolinggo","Clouds","overcast clouds",25.05,25.05,25.05,25.96,90,113.2159,-7.7543,"2024-02-11 15:14:44.207416"
"428",1,"ID","Semarang","Rain","light rain",25.96,25.96,25.96,25.96,94,110.4203,-6.9932,"2024-02-11 15:14:44.654716"
"429",1,"PH","Solo","Clear","clear sky",25.1,25.1,25.1,25.6,74,120.9012,13.7469,"2024-02-11 15:14:45.212485"
"430",1,"ID","Yogyakarta","Clouds","scattered clouds",24.56,24.56,24.56,25.5,93,110.3608,-7.7828,"2024-02-11 15:14:45.743756"
"431",1,"ID","Medan","Haze","haze",25.57,25.57,26.02,26.64,94,98.6667,3.5833,"2024-02-11 15:14:46.225626"
"432",1,"ID","Tebing Tinggi","Clear","clear sky",24.08,24.08,24.08,24.92,91,99.1623,3.3274,"2024-02-11 15:14:46.79184"
"433",1,"ID","Makassar","Rain","moderate rain",24.03,24.03,24.03,25.1,100,119.4221,-5.14,"2024-02-11 15:14:47.567636"
"434",1,"ID","Jakarta","Thunderstorm","thunderstorm with rain",25.42,25.05,28.01,26.52,96,106.8451,-6.2146,"2024-02-11 15:14:48.078292"
"435",2,"ID","Jakarta","Rain","light rain",25.42,25.05,28.01,26.52,96,106.8451,-6.2146,"2024-02-11 15:14:48.078292"
"436",1,"ID","Tangerang","Rain","light rain",27.42,25.04,27.95,32.65,95,106.63,-6.1781,"2024-02-11 15:14:48.777969"
"437",1,"ID","Tangerang Selatan","Clouds","scattered clouds",25.45,24.88,27.79,26.64,99,106.7085,-6.2955,"2024-02-11 15:14:49.345066"
"438",1,"ID","Bogor","Rain","light rain",23.59,23.59,24.15,24.28,87,106.7892,-6.5944,"2024-02-11 15:14:49.853746"
"439",1,"ID","Depok","Clouds","scattered clouds",24.81,24.55,27.47,25.85,96,106.8186,-6.4,"2024-02-11 15:14:50.441684"
"440",1,"ID","Bekasi","Thunderstorm","thunderstorm with rain",25.11,25.02,27.94,26.13,94,106.9896,-6.2349,"2024-02-11 15:14:50.999233"
"441",2,"ID","Bekasi","Rain","light rain",25.11,25.02,27.94,26.13,94,106.9896,-6.2349,"2024-02-11 15:14:50.999233"
"442",1,"ID","Samarinda","Clouds","overcast clouds",22.62,22.62,22.62,23.5,98,117.15,-0.5,"2024-02-11 18:17:35.605055"
"443",1,"ID","Balikpapan","Rain","light rain",25.55,25.55,25.55,26.48,89,116.8289,-1.2675,"2024-02-11 18:17:36.590221"
"444",1,"ID","Bandar Lampung","Rain","moderate rain",22.97,22.97,22.97,23.8,95,105.258,-5.4254,"2024-02-11 18:17:37.412087"
"445",1,"ID","Metro","Rain","moderate rain",24.04,24.04,24.04,24.93,93,105.3067,-5.1131,"2024-02-11 18:17:38.114275"
"446",1,"ID","Pringsewu","Rain","moderate rain",22.7,22.7,22.7,23.58,98,104.9744,-5.3582,"2024-02-11 18:17:38.722619"
"447",1,"ID","Palembang","Clouds","few clouds",26.05,26.05,26.05,26.05,83,104.7458,-2.9167,"2024-02-11 18:17:39.51488"
"448",1,"ID","Surabaya","Clouds","few clouds",27.79,24.97,27.79,28.75,56,112.7508,-7.2492,"2024-02-11 18:17:40.266747"
"449",1,"ID","Gresik","Clouds","overcast clouds",27.77,24.95,27.77,33.35,92,112.6561,-7.1539,"2024-02-11 18:17:41.009779"
"450",1,"ID","Sidoarjo","Clouds","few clouds",24.98,24.98,27.81,26.14,100,112.7183,-7.4478,"2024-02-11 18:17:41.8533"
"451",1,"ID","Malang","Clouds","overcast clouds",21.79,21.79,21.79,22.56,97,112.6304,-7.9797,"2024-02-11 18:17:42.749178"
"452",1,"ID","Probolinggo","Clouds","overcast clouds",25.28,25.28,25.28,26.03,83,113.2159,-7.7543,"2024-02-11 18:17:43.449503"
"453",1,"ID","Semarang","Clouds","overcast clouds",25.96,25.96,25.96,25.96,94,110.4203,-6.9932,"2024-02-11 18:17:44.247986"
"454",1,"PH","Solo","Clear","clear sky",23.74,23.74,23.74,24.13,75,120.9012,13.7469,"2024-02-11 18:17:45.146588"
"455",1,"ID","Yogyakarta","Rain","light rain",24.08,24.08,24.08,25.02,95,110.3608,-7.7828,"2024-02-11 18:17:45.899516"
"456",1,"ID","Medan","Haze","haze",23.9,23.9,24.02,24.8,94,98.6667,3.5833,"2024-02-11 18:17:46.61062"
"457",1,"ID","Tebing Tinggi","Clouds","scattered clouds",23.78,23.78,23.78,24.62,92,99.1623,3.3274,"2024-02-11 18:17:47.253759"
"458",1,"ID","Makassar","Rain","light rain",24.03,24.03,24.03,25.1,100,119.4221,-5.14,"2024-02-11 18:17:47.920237"
"459",1,"ID","Jakarta","Clouds","few clouds",26.26,26.16,28.07,26.26,96,106.8451,-6.2146,"2024-02-11 18:17:48.563212"
"460",1,"ID","Tangerang","Haze","haze",26.73,26.15,28.07,30.24,93,106.63,-6.1781,"2024-02-11 18:17:49.414084"
"461",1,"ID","Tangerang Selatan","Haze","haze",26.9,25.99,27.9,29.43,79,106.7085,-6.2955,"2024-02-11 18:17:50.147936"
"462",1,"ID","Bogor","Clouds","few clouds",26.59,24.7,26.61,26.59,90,106.7892,-6.5944,"2024-02-11 18:17:50.826099"
"463",1,"ID","Depok","Clear","clear sky",26.83,25.66,27.58,30.83,96,106.8186,-6.4,"2024-02-11 18:17:51.541379"
"464",1,"ID","Bekasi","Rain","light rain",26.18,26.13,28.05,26.18,83,106.9896,-6.2349,"2024-02-11 18:17:52.354349"
"465",1,"ID","Samarinda","Clouds","overcast clouds",22.25,22.25,22.25,23.09,98,117.15,-0.5,"2024-02-11 21:12:55.217132"
"466",1,"ID","Balikpapan","Clouds","overcast clouds",23.12,23.12,23.12,24.02,97,116.8289,-1.2675,"2024-02-11 21:12:56.061137"
"467",1,"ID","Bandar Lampung","Clouds","broken clouds",22.56,22.56,22.56,23.4,97,105.258,-5.4254,"2024-02-11 21:12:56.856099"
"468",1,"ID","Metro","Clouds","broken clouds",23.16,23.16,23.16,24.04,96,105.3067,-5.1131,"2024-02-11 21:12:57.667058"
"469",1,"ID","Pringsewu","Clouds","few clouds",22.84,22.84,22.84,23.69,96,104.9744,-5.3582,"2024-02-11 21:12:58.3613"
"470",1,"ID","Palembang","Rain","moderate rain",25.05,25.05,25.05,26.07,94,104.7458,-2.9167,"2024-02-11 21:12:58.986786"
"471",1,"ID","Surabaya","Mist","mist",27.23,24.97,27.23,27.99,55,112.7508,-7.2492,"2024-02-11 21:12:59.726457"
"472",1,"ID","Gresik","Rain","light rain",27.21,24.95,27.21,32.08,96,112.6561,-7.1539,"2024-02-11 21:13:00.561967"
"473",1,"ID","Sidoarjo","Mist","mist",24.98,24.98,27.25,26.14,100,112.7183,-7.4478,"2024-02-11 21:13:01.350703"
"474",1,"ID","Malang","Clouds","overcast clouds",21.61,21.61,21.61,22.36,97,112.6304,-7.9797,"2024-02-11 21:13:02.188687"
"475",1,"ID","Probolinggo","Clouds","overcast clouds",24.67,24.67,24.67,25.41,85,113.2159,-7.7543,"2024-02-11 21:13:02.969695"
"476",1,"ID","Semarang","Mist","mist",25.96,25.96,25.96,25.96,94,110.4203,-6.9932,"2024-02-11 21:13:03.684927"
"477",1,"PH","Solo","Clear","clear sky",23.38,23.38,23.38,23.76,76,120.9012,13.7469,"2024-02-11 21:13:04.374137"
"478",1,"ID","Yogyakarta","Clouds","overcast clouds",23.51,23.51,23.51,24.34,93,110.3608,-7.7828,"2024-02-11 21:13:04.978383"
"479",1,"ID","Medan","Clear","clear sky",25.01,25.01,25.01,26.02,94,98.6667,3.5833,"2024-02-11 21:13:05.802127"
"480",1,"ID","Tebing Tinggi","Clouds","broken clouds",23.57,23.57,23.57,24.36,91,99.1623,3.3274,"2024-02-11 21:13:06.422384"
"481",1,"ID","Makassar","Clouds","scattered clouds",24.03,24.03,24.03,25.1,100,119.4221,-5.14,"2024-02-11 21:13:07.32531"
"482",1,"ID","Jakarta","Rain","moderate rain",26.15,24.96,26.61,26.15,95,106.8451,-6.2146,"2024-02-11 21:13:08.11414"
"483",1,"ID","Tangerang","Rain","light rain",25.71,24.95,26.61,26.87,97,106.63,-6.1781,"2024-02-11 21:13:08.838918"
"484",1,"ID","Tangerang Selatan","Rain","light rain",25.98,24.77,25.99,25.98,95,106.7085,-6.2955,"2024-02-11 21:13:09.66111"
"485",1,"ID","Bogor","Clouds","few clouds",24.7,24.7,24.7,25.55,89,106.7892,-6.5944,"2024-02-11 21:13:10.525112"
"486",1,"ID","Depok","Clouds","few clouds",25.66,24.45,25.66,26.76,95,106.8186,-6.4,"2024-02-11 21:13:11.273425"
"487",1,"ID","Bekasi","Rain","moderate rain",26.12,24.92,26.13,26.12,76,106.9896,-6.2349,"2024-02-11 21:13:11.950273"
"488",1,"ID","Samarinda","Clouds","overcast clouds",25.82,25.82,25.82,26.68,85,117.15,-0.5,"2024-02-12 01:00:58.651835"
"489",1,"ID","Balikpapan","Rain","light rain",24.55,24.55,24.55,25.67,100,116.8289,-1.2675,"2024-02-12 01:00:59.317214"
"490",1,"ID","Bandar Lampung","Clouds","scattered clouds",25.3,25.3,25.3,26.18,88,105.258,-5.4254,"2024-02-12 01:01:00.260471"
"491",1,"ID","Metro","Clouds","overcast clouds",25.31,25.31,25.31,26.14,86,105.3067,-5.1131,"2024-02-12 01:01:01.486978"
"492",1,"ID","Pringsewu","Clouds","broken clouds",25.18,25.18,25.18,26.08,89,104.9744,-5.3582,"2024-02-12 01:01:02.351496"
"493",1,"ID","Palembang","Clouds","few clouds",25.05,25.05,25.05,26.07,94,104.7458,-2.9167,"2024-02-12 01:01:02.843862"
"494",1,"ID","Surabaya","Haze","haze",28.34,26.97,28.34,30.09,61,112.7508,-7.2492,"2024-02-12 01:01:03.537906"
"495",1,"ID","Gresik","Clouds","scattered clouds",28.32,26.95,28.32,33.45,83,112.6561,-7.1539,"2024-02-12 01:01:04.735901"
"496",1,"ID","Sidoarjo","Haze","haze",26.98,26.98,28.36,31.77,100,112.7183,-7.4478,"2024-02-12 01:01:05.909894"
"497",1,"ID","Malang","Clouds","overcast clouds",26.41,26.41,26.41,26.41,74,112.6304,-7.9797,"2024-02-12 01:01:06.468624"
"498",1,"ID","Probolinggo","Clouds","broken clouds",27.72,27.72,27.72,30.5,73,113.2159,-7.7543,"2024-02-12 01:01:07.004404"
"499",1,"ID","Semarang","Clouds","few clouds",27.96,27.96,27.96,31.7,78,110.4203,-6.9932,"2024-02-12 01:01:07.454375"
"500",1,"PH","Solo","Clouds","scattered clouds",25.63,25.63,25.63,25.97,66,120.9012,13.7469,"2024-02-12 01:01:08.779104"
"501",1,"ID","Yogyakarta","Clouds","overcast clouds",26.49,26.49,26.49,26.49,83,110.3608,-7.7828,"2024-02-12 01:01:10.093441"
"502",1,"ID","Medan","Mist","mist",25.01,25.01,25.02,26.02,94,98.6667,3.5833,"2024-02-12 01:01:10.606411"
"503",1,"ID","Tebing Tinggi","Clouds","scattered clouds",24.2,24.2,24.2,24.97,88,99.1623,3.3274,"2024-02-12 01:01:11.548044"
"504",1,"ID","Makassar","Clouds","scattered clouds",26.03,26.03,26.03,26.03,100,119.4221,-5.14,"2024-02-12 01:01:12.439859"
"505",1,"ID","Jakarta","Haze","haze",26.55,25.5,29.18,26.55,94,106.8451,-6.2146,"2024-02-12 01:01:13.154683"
"506",1,"ID","Tangerang","Clouds","few clouds",26.83,25.5,29.18,30.16,89,106.63,-6.1781,"2024-02-12 01:01:13.666749"
"507",1,"ID","Tangerang Selatan","Clouds","few clouds",27.63,25.33,29.01,31.46,82,106.7085,-6.2955,"2024-02-12 01:01:14.400302"
"508",1,"ID","Bogor","Clear","clear sky",26.19,24.59,27.72,26.19,86,106.7892,-6.5944,"2024-02-12 01:01:14.998004"
"509",1,"ID","Depok","Haze","haze",27.14,25.01,28.69,31.61,94,106.8186,-6.4,"2024-02-12 01:01:15.484428"
"510",1,"ID","Bekasi","Rain","moderate rain",26.33,25.48,29.16,26.33,100,106.9896,-6.2349,"2024-02-12 01:01:16.424213"
"511",2,"ID","Bekasi","Haze","haze",26.33,25.48,29.16,26.33,100,106.9896,-6.2349,"2024-02-12 01:01:16.424213"
"512",1,"ID","Samarinda","Rain","light rain",28.58,28.58,28.58,32.16,72,117.15,-0.5,"2024-02-12 03:14:50.380018"
"513",1,"ID","Balikpapan","Clouds","few clouds",25.55,25.55,25.55,26.33,83,116.8289,-1.2675,"2024-02-12 03:14:50.906123"
"514",1,"ID","Bandar Lampung","Clouds","broken clouds",28.02,28.02,28.02,31.26,74,105.258,-5.4254,"2024-02-12 03:14:51.415814"
"515",1,"ID","Metro","Clouds","broken clouds",28.68,28.68,28.68,32.21,71,105.3067,-5.1131,"2024-02-12 03:14:52.082781"
"516",1,"ID","Pringsewu","Rain","light rain",29.75,29.75,29.75,34.44,70,104.9744,-5.3582,"2024-02-12 03:14:52.726557"
"517",1,"ID","Palembang","Rain","light rain",29.05,29.05,29.05,34.66,79,104.7458,-2.9167,"2024-02-12 03:14:53.267689"
"518",1,"ID","Surabaya","Clouds","few clouds",30.01,29.97,30.01,33.05,61,112.7508,-7.2492,"2024-02-12 03:14:53.653665"
"519",1,"ID","Gresik","Clouds","few clouds",29.99,29.95,29.99,34.54,68,112.6561,-7.1539,"2024-02-12 03:14:54.232192"
"520",1,"ID","Sidoarjo","Clouds","few clouds",29.98,29.98,30.03,36.98,84,112.7183,-7.4478,"2024-02-12 03:14:54.923364"
"521",1,"ID","Malang","Clouds","broken clouds",30.41,30.41,30.41,32.59,55,112.6304,-7.9797,"2024-02-12 03:14:55.450322"
"522",1,"ID","Probolinggo","Clouds","scattered clouds",29.72,29.72,29.72,33.49,66,113.2159,-7.7543,"2024-02-12 03:14:56.184445"
"523",1,"ID","Semarang","Rain","light rain",30.96,30.96,30.96,36.34,66,110.4203,-6.9932,"2024-02-12 03:14:56.818913"
"524",1,"PH","Solo","Clouds","broken clouds",27.09,27.09,27.09,28.35,62,120.9012,13.7469,"2024-02-12 03:14:57.54288"
"525",1,"ID","Yogyakarta","Clouds","overcast clouds",29.81,29.81,29.81,33.48,65,110.3608,-7.7828,"2024-02-12 03:14:58.101875"
"526",1,"ID","Medan","Haze","haze",26.68,26.68,27.02,29.27,83,98.6667,3.5833,"2024-02-12 03:14:58.774598"
"527",1,"ID","Tebing Tinggi","Clouds","scattered clouds",28.74,28.74,28.74,31.51,66,99.1623,3.3274,"2024-02-12 03:14:59.320588"
"528",1,"ID","Makassar","Clouds","scattered clouds",29.03,29.03,29.03,36.03,89,119.4221,-5.14,"2024-02-12 03:14:59.918862"
"529",1,"ID","Jakarta","Haze","haze",29.81,27.72,32.34,36.81,91,106.8451,-6.2146,"2024-02-12 03:15:00.296247"
"530",1,"ID","Tangerang","Clouds","scattered clouds",29.23,27.72,32.33,36.23,89,106.63,-6.1781,"2024-02-12 03:15:01.026125"
"531",1,"ID","Tangerang Selatan","Rain","light rain",30.36,27.55,32.17,37.36,86,106.7085,-6.2955,"2024-02-12 03:15:01.77678"
"532",1,"ID","Bogor","Clouds","few clouds",29.38,26.59,30.88,33.37,69,106.7892,-6.5944,"2024-02-12 03:15:02.65048"
"533",1,"ID","Depok","Haze","haze",30.1,27.23,31.84,37.1,92,106.8186,-6.4,"2024-02-12 03:15:03.17255"
"534",2,"ID","Depok","Rain","moderate rain",30.1,27.23,31.84,37.1,92,106.8186,-6.4,"2024-02-12 03:15:03.17255"
"535",1,"ID","Bekasi","Haze","haze",29.42,27.7,32.31,36.42,83,106.9896,-6.2349,"2024-02-12 03:15:03.867721"
"536",1,"ID","Samarinda","Rain","light rain",28.75,28.75,28.75,32.72,73,117.15,-0.5,"2024-02-12 06:18:22.978809"
"537",1,"ID","Balikpapan","Clouds","scattered clouds",31.55,31.55,31.55,35.5,58,116.8289,-1.2675,"2024-02-12 06:18:23.83958"
"538",1,"ID","Bandar Lampung","Rain","light rain",30.36,30.36,30.36,34.67,65,105.258,-5.4254,"2024-02-12 06:18:24.562918"
"539",1,"ID","Metro","Clouds","broken clouds",31.24,31.24,31.24,35.63,61,105.3067,-5.1131,"2024-02-12 06:18:25.238651"
"540",1,"ID","Pringsewu","Rain","light rain",30.88,30.88,30.88,35.87,65,104.9744,-5.3582,"2024-02-12 06:18:25.873685"
"541",1,"ID","Palembang","Clouds","broken clouds",31.05,31.05,31.05,36.56,66,104.7458,-2.9167,"2024-02-12 06:18:26.406253"
"542",1,"ID","Surabaya","Clouds","scattered clouds",31.12,31.12,33.97,32.42,48,112.7508,-7.2492,"2024-02-12 06:18:27.028078"
"543",1,"ID","Gresik","Clear","clear sky",31.1,31.1,33.95,36.12,64,112.6561,-7.1539,"2024-02-12 06:18:27.730891"
"544",1,"ID","Sidoarjo","Clouds","scattered clouds",33.98,31.14,33.98,40.13,55,112.7183,-7.4478,"2024-02-12 06:18:28.531791"
"545",1,"ID","Malang","Rain","light rain",30.52,30.52,30.52,33.41,58,112.6304,-7.9797,"2024-02-12 06:18:29.040973"
"546",1,"ID","Probolinggo","Clouds","broken clouds",29.48,29.48,29.48,33.6,69,113.2159,-7.7543,"2024-02-12 06:18:29.552328"
"547",1,"ID","Semarang","Thunderstorm","thunderstorm",31.96,31.96,31.96,38.96,70,110.4203,-6.9932,"2024-02-12 06:18:30.088841"
"548",2,"ID","Semarang","Rain","light rain",31.96,31.96,31.96,38.96,70,110.4203,-6.9932,"2024-02-12 06:18:30.088841"
"549",1,"PH","Solo","Clouds","broken clouds",27.45,27.45,27.45,28.85,62,120.9012,13.7469,"2024-02-12 06:18:30.595294"
"550",1,"ID","Yogyakarta","Rain","light rain",32.08,32.08,32.08,36.09,56,110.3608,-7.7828,"2024-02-12 06:18:31.06428"
"551",1,"ID","Medan","Clouds","scattered clouds",28.9,28.9,29.02,33.25,74,98.6667,3.5833,"2024-02-12 06:18:31.572702"
"552",1,"ID","Tebing Tinggi","Clouds","broken clouds",31.68,31.68,31.68,34.49,53,99.1623,3.3274,"2024-02-12 06:18:32.14545"
"553",1,"ID","Makassar","Rain","moderate rain",29.03,29.03,29.03,35.73,84,119.4221,-5.14,"2024-02-12 06:18:32.88612"
"554",1,"ID","Jakarta","Clouds","scattered clouds",32.42,31.34,32.9,39.42,81,106.8451,-6.2146,"2024-02-12 06:18:33.364617"
"555",1,"ID","Tangerang","Clouds","few clouds",31.86,31.34,32.89,38.86,67,106.63,-6.1781,"2024-02-12 06:18:34.010425"
"556",1,"ID","Tangerang Selatan","Rain","light rain",32.64,31.44,32.84,39.64,82,106.7085,-6.2955,"2024-02-12 06:18:34.516686"
"557",1,"ID","Bogor","Rain","light rain",30.62,29.88,31.44,36.32,69,106.7892,-6.5944,"2024-02-12 06:18:35.210991"
"558",1,"ID","Depok","Clouds","scattered clouds",31.83,30.85,32.4,38.83,82,106.8186,-6.4,"2024-02-12 06:18:35.768803"
"559",1,"ID","Bekasi","Clouds","scattered clouds",32.28,31.32,32.87,38.39,62,106.9896,-6.2349,"2024-02-12 06:18:36.311142"
"560",1,"ID","Samarinda","Clouds","overcast clouds",24.57,24.57,24.57,25.54,94,117.15,-0.5,"2024-02-12 09:15:35.262109"
"561",1,"ID","Balikpapan","Clouds","scattered clouds",29.55,29.55,29.55,34.86,74,116.8289,-1.2675,"2024-02-12 09:15:36.109234"
"562",1,"ID","Bandar Lampung","Clouds","scattered clouds",29.42,29.42,29.42,34.76,75,105.258,-5.4254,"2024-02-12 09:15:36.946099"
"563",1,"ID","Metro","Clouds","scattered clouds",31.82,31.82,31.82,35.81,57,105.3067,-5.1131,"2024-02-12 09:15:37.567615"
"564",1,"ID","Pringsewu","Rain","moderate rain",28.89,28.89,28.89,35.08,83,104.9744,-5.3582,"2024-02-12 09:15:38.181331"
"565",1,"ID","Palembang","Rain","moderate rain",28.05,28.05,28.05,32.71,83,104.7458,-2.9167,"2024-02-12 09:15:38.812326"
"566",1,"ID","Surabaya","Rain","moderate rain",31.12,29.97,31.12,32.62,49,112.7508,-7.2492,"2024-02-12 09:15:39.553019"
"567",1,"ID","Gresik","Rain","light rain",31.1,29.95,31.1,38.1,76,112.6561,-7.1539,"2024-02-12 09:15:40.414196"
"568",1,"ID","Sidoarjo","Clouds","scattered clouds",29.98,29.98,30.59,36.98,84,112.7183,-7.4478,"2024-02-12 09:15:41.161704"
"569",1,"ID","Malang","Clouds","broken clouds",26.34,26.34,26.34,26.34,87,112.6304,-7.9797,"2024-02-12 09:15:42.067858"
"570",1,"ID","Probolinggo","Rain","light rain",29.29,29.29,29.29,35.33,79,113.2159,-7.7543,"2024-02-12 09:15:43.038028"
"571",1,"ID","Semarang","Rain","light rain",31.96,31.96,31.96,38.89,66,110.4203,-6.9932,"2024-02-12 09:15:43.867837"
"572",1,"PH","Solo","Clouds","few clouds",26.57,26.57,26.57,26.57,61,120.9012,13.7469,"2024-02-12 09:15:44.609675"
"573",1,"ID","Yogyakarta","Clouds","broken clouds",29.49,29.49,29.49,33.41,68,110.3608,-7.7828,"2024-02-12 09:15:45.301689"
"574",1,"ID","Medan","Clouds","scattered clouds",28.9,28.9,29.02,33.25,74,98.6667,3.5833,"2024-02-12 09:15:46.188134"
"575",1,"ID","Tebing Tinggi","Clouds","scattered clouds",29.96,29.96,29.96,33.16,62,99.1623,3.3274,"2024-02-12 09:15:47.083173"
"576",1,"ID","Makassar","Rain","light rain",24.03,24.03,24.03,25.1,100,119.4221,-5.14,"2024-02-12 09:15:47.904648"
"577",1,"ID","Jakarta","Clouds","scattered clouds",32.62,30.5,33.62,39.62,81,106.8451,-6.2146,"2024-02-12 09:15:48.78749"
"578",1,"ID","Tangerang","Clouds","few clouds",31.1,30.5,33.62,37.87,70,106.63,-6.1781,"2024-02-12 09:15:49.438945"
"579",1,"ID","Tangerang Selatan","Rain","light rain",33.34,30.33,33.45,40.34,82,106.7085,-6.2955,"2024-02-12 09:15:50.146889"
"580",1,"ID","Bogor","Rain","light rain",32.15,30.59,32.16,39.15,73,106.7892,-6.5944,"2024-02-12 09:15:50.914829"
"581",1,"ID","Depok","Clouds","scattered clouds",32.52,30.01,33.13,39.52,82,106.8186,-6.4,"2024-02-12 09:15:51.529492"
"582",1,"ID","Bekasi","Clouds","scattered clouds",32.44,30.48,33.6,38.79,62,106.9896,-6.2349,"2024-02-12 09:15:52.297746"
"583",1,"ID","Samarinda","Clouds","overcast clouds",23.73,23.73,23.73,24.72,98,117.15,-0.5,"2024-02-12 12:25:45.274964"
"584",1,"ID","Balikpapan","Clouds","few clouds",25.55,25.55,25.55,26.62,94,116.8289,-1.2675,"2024-02-12 12:25:45.735847"
"585",1,"ID","Bandar Lampung","Rain","light rain",25.5,25.5,25.5,26.38,87,105.258,-5.4254,"2024-02-12 12:25:46.159595"
"586",1,"ID","Metro","Clouds","scattered clouds",26.78,26.78,26.78,29.34,81,105.3067,-5.1131,"2024-02-12 12:25:46.817461"
"587",1,"ID","Pringsewu","Rain","light rain",24.83,24.83,24.83,25.77,92,104.9744,-5.3582,"2024-02-12 12:25:47.360862"
"588",1,"ID","Palembang","Rain","light rain",27.05,27.05,27.05,30.15,83,104.7458,-2.9167,"2024-02-12 12:25:47.914284"
"589",1,"ID","Surabaya","Thunderstorm","thunderstorm",28.9,25.97,28.9,29.3,48,112.7508,-7.2492,"2024-02-12 12:25:48.401009"
"590",2,"ID","Surabaya","Rain","light rain",28.9,25.97,28.9,29.3,48,112.7508,-7.2492,"2024-02-12 12:25:48.401009"
"591",1,"ID","Gresik","Rain","moderate rain",28.88,25.95,28.88,35.88,87,112.6561,-7.1539,"2024-02-12 12:25:48.779675"
"592",1,"ID","Sidoarjo","Rain","light rain",25.98,25.98,28.92,25.98,100,112.7183,-7.4478,"2024-02-12 12:25:49.270375"
"593",2,"ID","Sidoarjo","Thunderstorm","thunderstorm",25.98,25.98,28.92,25.98,100,112.7183,-7.4478,"2024-02-12 12:25:49.270375"
"594",1,"ID","Malang","Rain","light rain",23.1,23.1,23.1,24.02,98,112.6304,-7.9797,"2024-02-12 12:25:49.778878"
"595",1,"ID","Probolinggo","Clouds","broken clouds",25.79,25.79,25.79,26.85,93,113.2159,-7.7543,"2024-02-12 12:25:50.355079"
"596",1,"ID","Semarang","Clouds","broken clouds",28.96,28.96,28.96,34.42,79,110.4203,-6.9932,"2024-02-12 12:25:50.84807"
"597",1,"PH","Solo","Clouds","few clouds",23.74,23.74,23.74,24.02,71,120.9012,13.7469,"2024-02-12 12:25:51.529306"
"598",1,"ID","Yogyakarta","Clouds","broken clouds",25.56,25.56,25.56,26.39,85,110.3608,-7.7828,"2024-02-12 12:25:52.18088"
"599",1,"ID","Medan","Haze","haze",25.57,25.57,26.02,26.35,83,98.6667,3.5833,"2024-02-12 12:25:52.785217"
"600",1,"ID","Tebing Tinggi","Rain","light rain",25.24,25.24,25.24,26.07,86,99.1623,3.3274,"2024-02-12 12:25:53.365965"
"601",1,"ID","Makassar","Clouds","scattered clouds",24.03,24.03,24.03,25.1,100,119.4221,-5.14,"2024-02-12 12:25:54.014081"
"602",1,"ID","Jakarta","Clouds","few clouds",29.4,28.83,30.23,34.48,74,106.8451,-6.2146,"2024-02-12 12:25:54.557177"
"603",1,"ID","Tangerang","Clouds","few clouds",29.19,28.83,30.23,34.6,77,106.63,-6.1781,"2024-02-12 12:25:54.882917"
"604",1,"ID","Tangerang Selatan","Rain","light rain",29.93,28.66,30.06,34.17,67,106.7085,-6.2955,"2024-02-12 12:25:55.500942"
"605",1,"ID","Bogor","Clouds","overcast clouds",28.76,27.59,28.77,34.28,81,106.7892,-6.5944,"2024-02-12 12:25:56.057789"
"606",1,"ID","Depok","Clouds","few clouds",29.18,28.34,29.74,33.93,74,106.8186,-6.4,"2024-02-12 12:25:56.645766"
"607",1,"ID","Bekasi","Clouds","few clouds",29.2,28.81,30.21,35.08,79,106.9896,-6.2349,"2024-02-12 12:25:57.265958"
"608",1,"ID","Samarinda","Clouds","overcast clouds",23.36,23.36,23.36,24.34,99,117.15,-0.5,"2024-02-12 15:14:51.016248"
"609",1,"ID","Balikpapan","Rain","light rain",25.55,25.55,25.55,26.33,83,116.8289,-1.2675,"2024-02-12 15:14:51.699085"
"610",1,"ID","Bandar Lampung","Rain","light rain",24.56,24.56,24.56,25.45,91,105.258,-5.4254,"2024-02-12 15:14:52.315809"
"611",1,"ID","Metro","Rain","moderate rain",24,24,24,24.91,94,105.3067,-5.1131,"2024-02-12 15:14:53.120124"
"612",1,"ID","Pringsewu","Rain","moderate rain",23.96,23.96,23.96,24.89,95,104.9744,-5.3582,"2024-02-12 15:14:53.959765"
"613",1,"ID","Palembang","Clouds","broken clouds",26.05,26.05,26.05,26.05,94,104.7458,-2.9167,"2024-02-12 15:14:54.708246"
"614",1,"ID","Surabaya","Clouds","few clouds",25.97,25.97,25.97,25.97,94,112.7508,-7.2492,"2024-02-12 15:14:55.47153"
"615",1,"ID","Gresik","Rain","light rain",25.95,25.95,25.95,25.95,89,112.6561,-7.1539,"2024-02-12 15:14:56.317793"
"616",1,"ID","Sidoarjo","Clouds","few clouds",25.98,25.98,25.98,25.98,94,112.7183,-7.4478,"2024-02-12 15:14:57.123549"
"617",1,"ID","Malang","Clouds","overcast clouds",22.65,22.65,22.65,23.5,97,112.6304,-7.9797,"2024-02-12 15:14:57.904149"
"618",1,"ID","Probolinggo","Clouds","overcast clouds",26.17,26.17,26.17,26.17,85,113.2159,-7.7543,"2024-02-12 15:14:58.610821"
"619",1,"ID","Semarang","Rain","moderate rain",26.96,26.96,26.96,30.52,89,110.4203,-6.9932,"2024-02-12 15:14:59.425571"
"620",1,"PH","Solo","Clear","clear sky",24.01,24.01,24.01,24.42,75,120.9012,13.7469,"2024-02-12 15:15:00.26447"
"621",1,"ID","Yogyakarta","Clouds","overcast clouds",24.88,24.88,24.88,25.7,87,110.3608,-7.7828,"2024-02-12 15:15:01.111167"
"622",1,"ID","Medan","Haze","haze",25.01,25.01,25.02,25.86,88,98.6667,3.5833,"2024-02-12 15:15:02.328456"
"623",1,"ID","Tebing Tinggi","Clear","clear sky",24.21,24.21,24.21,25.04,90,99.1623,3.3274,"2024-02-12 15:15:03.441095"
"624",1,"ID","Makassar","Rain","light rain",24.03,24.03,24.03,25.1,100,119.4221,-5.14,"2024-02-12 15:15:04.189423"
"625",1,"ID","Jakarta","Clouds","few clouds",29.01,28.83,29.05,34.13,77,106.8451,-6.2146,"2024-02-12 15:15:04.848428"
"626",1,"ID","Tangerang","Rain","light rain",28.9,28.04,28.95,34.68,81,106.63,-6.1781,"2024-02-12 15:15:11.910763"
"627",1,"ID","Tangerang Selatan","Clouds","scattered clouds",28.77,27.88,28.79,33.13,75,106.7085,-6.2955,"2024-02-12 15:15:12.683172"
"628",1,"ID","Bogor","Clouds","broken clouds",26.59,26.59,27.48,26.59,87,106.7892,-6.5944,"2024-02-12 15:15:13.491192"
"629",1,"ID","Depok","Clouds","broken clouds",28.5,28.34,28.55,32.84,77,106.8186,-6.4,"2024-02-12 15:15:14.380919"
"630",1,"ID","Bekasi","Rain","light rain",28.16,28.02,28.94,34.07,89,106.9896,-6.2349,"2024-02-12 15:15:16.635624"
"631",1,"ID","Samarinda","Clouds","overcast clouds",23.02,23.02,23.02,23.96,99,117.15,-0.5,"2024-02-12 18:17:24.664505"
"632",1,"ID","Balikpapan","Clouds","scattered clouds",24.55,24.55,24.55,25.36,88,116.8289,-1.2675,"2024-02-12 18:17:25.304681"
"633",1,"ID","Bandar Lampung","Clouds","broken clouds",23.75,23.75,23.75,24.66,95,105.258,-5.4254,"2024-02-12 18:17:25.805182"
"634",1,"ID","Metro","Clouds","broken clouds",24.13,24.13,24.13,25.03,93,105.3067,-5.1131,"2024-02-12 18:17:26.368992"
"635",1,"ID","Pringsewu","Rain","light rain",23.51,23.51,23.51,24.45,97,104.9744,-5.3582,"2024-02-12 18:17:27.078048"
"636",1,"ID","Palembang","Mist","mist",25.05,25.05,25.05,26.07,94,104.7458,-2.9167,"2024-02-12 18:17:27.495244"
"637",1,"ID","Surabaya","Clouds","few clouds",25.97,25.97,25.97,25.97,100,112.7508,-7.2492,"2024-02-12 18:17:28.073079"
"638",1,"ID","Gresik","Clouds","broken clouds",25.95,25.95,25.95,25.95,92,112.6561,-7.1539,"2024-02-12 18:17:28.69153"
"639",1,"ID","Sidoarjo","Clouds","few clouds",25.98,25.98,25.98,25.98,100,112.7183,-7.4478,"2024-02-12 18:17:29.341334"
"640",1,"ID","Malang","Clouds","overcast clouds",22.19,22.19,22.19,23,97,112.6304,-7.9797,"2024-02-12 18:17:30.00393"
"641",1,"ID","Probolinggo","Rain","light rain",25.17,25.17,25.17,26.12,91,113.2159,-7.7543,"2024-02-12 18:17:30.550002"
"642",1,"ID","Semarang","Rain","light rain",26.96,26.96,26.96,30.52,89,110.4203,-6.9932,"2024-02-12 18:17:31.060699"
"643",1,"PH","Solo","Clouds","few clouds",24.14,24.14,24.14,24.62,77,120.9012,13.7469,"2024-02-12 18:17:31.630747"
"644",1,"ID","Yogyakarta","Clouds","broken clouds",24.14,24.14,24.14,24.96,90,110.3608,-7.7828,"2024-02-12 18:17:32.324666"
"645",1,"ID","Medan","Mist","mist",23.9,23.9,24.02,24.8,94,98.6667,3.5833,"2024-02-12 18:17:32.979299"
"646",1,"ID","Tebing Tinggi","Clear","clear sky",23.61,23.61,23.61,24.45,93,99.1623,3.3274,"2024-02-12 18:17:33.655937"
"647",1,"ID","Makassar","Rain","light rain",24.03,24.03,24.03,25.1,100,119.4221,-5.14,"2024-02-12 18:17:34.146401"
"648",1,"ID","Jakarta","Clouds","scattered clouds",26.35,25.05,27.05,26.35,94,106.8451,-6.2146,"2024-02-12 18:17:34.508553"
"649",1,"ID","Tangerang","Clouds","broken clouds",25.6,25.04,27.04,26.67,94,106.63,-6.1781,"2024-02-12 18:17:35.15578"
"650",1,"ID","Tangerang Selatan","Rain","moderate rain",24.88,24.88,26.88,25.9,95,106.7085,-6.2955,"2024-02-12 18:17:35.762992"
"651",1,"ID","Bogor","Clouds","broken clouds",25.59,23.59,25.59,26.5,88,106.7892,-6.5944,"2024-02-12 18:17:36.3837"
"652",1,"ID","Depok","Thunderstorm","thunderstorm with light rain",25.66,24.55,26.55,26.74,94,106.8186,-6.4,"2024-02-12 18:17:37.127539"
"653",1,"ID","Bekasi","Clouds","scattered clouds",26.7,25.02,27.02,30.24,94,106.9896,-6.2349,"2024-02-12 18:17:37.651874"
"654",1,"ID","Samarinda","Clouds","overcast clouds",23,23,23,23.91,98,117.15,-0.5,"2024-02-12 21:12:10.169159"
"655",1,"ID","Balikpapan","Clouds","scattered clouds",24.55,24.55,24.55,25.36,88,116.8289,-1.2675,"2024-02-12 21:12:10.614739"
"656",1,"ID","Bandar Lampung","Clouds","overcast clouds",23.29,23.29,23.29,24.13,94,105.258,-5.4254,"2024-02-12 21:12:11.42406"
"657",1,"ID","Metro","Clouds","overcast clouds",23.75,23.75,23.75,24.56,91,105.3067,-5.1131,"2024-02-12 21:12:12.136009"
"658",1,"ID","Pringsewu","Clouds","overcast clouds",23.04,23.04,23.04,23.91,96,104.9744,-5.3582,"2024-02-12 21:12:12.704165"
"659",1,"ID","Palembang","Mist","mist",25.05,25.05,25.05,26.07,94,104.7458,-2.9167,"2024-02-12 21:12:13.310074"
"660",1,"ID","Surabaya","Mist","mist",24.97,24.97,24.97,26.13,100,112.7508,-7.2492,"2024-02-12 21:12:13.89707"
"661",1,"ID","Gresik","Clouds","overcast clouds",24.95,24.95,24.95,25.9,92,112.6561,-7.1539,"2024-02-12 21:12:14.634816"
"662",1,"ID","Sidoarjo","Mist","mist",24.98,24.98,24.98,26.14,100,112.7183,-7.4478,"2024-02-12 21:12:15.148674"
"663",1,"ID","Malang","Clouds","overcast clouds",22.84,22.84,22.84,23.66,95,112.6304,-7.9797,"2024-02-12 21:12:15.761691"
"664",1,"ID","Probolinggo","Rain","light rain",24.79,24.79,24.79,25.7,91,113.2159,-7.7543,"2024-02-12 21:12:16.46547"
"665",1,"ID","Semarang","Rain","light rain",25.96,25.96,25.96,25.96,89,110.4203,-6.9932,"2024-02-12 21:12:17.162425"
"666",1,"PH","Solo","Clouds","broken clouds",22.92,22.92,22.92,23.38,81,120.9012,13.7469,"2024-02-12 21:12:17.658796"
"667",1,"ID","Yogyakarta","Clouds","few clouds",23.56,23.56,23.56,24.37,92,110.3608,-7.7828,"2024-02-12 21:12:18.399308"
"668",1,"ID","Medan","Mist","mist",23.9,23.9,24.02,24.8,94,98.6667,3.5833,"2024-02-12 21:12:18.865238"
"669",1,"ID","Tebing Tinggi","Clouds","broken clouds",23.56,23.56,23.56,24.35,91,99.1623,3.3274,"2024-02-12 21:12:19.583519"
"670",1,"ID","Makassar","Rain","moderate rain",24.03,24.03,24.03,25.1,100,119.4221,-5.14,"2024-02-12 21:12:20.404078"
"671",1,"ID","Jakarta","Clouds","overcast clouds",26.15,25.5,26.16,26.15,95,106.8451,-6.2146,"2024-02-12 21:12:20.951909"
"672",1,"ID","Tangerang","Mist","mist",25.74,25.5,26.15,26.82,94,106.63,-6.1781,"2024-02-12 21:12:21.327911"
"673",1,"ID","Tangerang Selatan","Mist","mist",25.99,25.33,25.99,25.99,95,106.7085,-6.2955,"2024-02-12 21:12:22.124712"
"674",1,"ID","Bogor","Clouds","scattered clouds",24.7,24.7,24.7,25.45,85,106.7892,-6.5944,"2024-02-12 21:12:23.225435"
"675",1,"ID","Depok","Clouds","scattered clouds",25.66,25.01,25.66,26.76,95,106.8186,-6.4,"2024-02-12 21:12:23.825206"
"676",1,"ID","Bekasi","Clouds","scattered clouds",26.13,25.48,26.13,26.13,81,106.9896,-6.2349,"2024-02-12 21:12:24.661962"
"677",1,"ID","Samarinda","Rain","light rain",24.72,24.72,24.72,25.7,94,117.15,-0.5,"2024-02-13 01:01:04.126507"
"678",1,"ID","Balikpapan","Clouds","broken clouds",26.55,26.55,26.55,26.55,89,116.8289,-1.2675,"2024-02-13 01:01:05.209719"
"679",1,"ID","Bandar Lampung","Clouds","broken clouds",25.93,25.93,25.93,26.8,85,105.258,-5.4254,"2024-02-13 01:01:06.057673"
"680",1,"ID","Metro","Clouds","overcast clouds",25.94,25.94,25.94,26.78,84,105.3067,-5.1131,"2024-02-13 01:01:06.95076"
"681",1,"ID","Pringsewu","Clouds","broken clouds",25.73,25.73,25.73,26.66,88,104.9744,-5.3582,"2024-02-13 01:01:08.246762"
"682",1,"ID","Palembang","Mist","mist",25.05,25.05,25.05,26.22,100,104.7458,-2.9167,"2024-02-13 01:01:09.309047"
"683",1,"ID","Surabaya","Haze","haze",30.01,27.97,30.01,34.13,66,112.7508,-7.2492,"2024-02-13 01:01:10.654975"
"684",1,"ID","Gresik","Clouds","overcast clouds",29.99,27.95,29.99,36.99,82,112.6561,-7.1539,"2024-02-13 01:01:11.709108"
"685",1,"ID","Sidoarjo","Haze","haze",27.98,27.98,30.03,34.4,94,112.7183,-7.4478,"2024-02-13 01:01:12.755715"
"686",1,"ID","Malang","Clouds","scattered clouds",25.76,25.76,25.76,26.56,83,112.6304,-7.9797,"2024-02-13 01:01:13.827093"
"687",1,"ID","Probolinggo","Clouds","scattered clouds",28.53,28.53,28.53,32.56,75,113.2159,-7.7543,"2024-02-13 01:01:14.690669"
"688",1,"ID","Semarang","Haze","haze",27.96,27.96,27.96,31.7,78,110.4203,-6.9932,"2024-02-13 01:01:15.431134"
"689",1,"PH","Solo","Clouds","few clouds",24.98,24.98,24.98,25.44,73,120.9012,13.7469,"2024-02-13 01:01:16.879601"
"690",1,"ID","Yogyakarta","Clear","clear sky",27.9,27.9,27.9,30.87,73,110.3608,-7.7828,"2024-02-13 01:01:18.077711"
"691",1,"ID","Medan","Mist","mist",22.79,22.79,23.02,23.74,100,98.6667,3.5833,"2024-02-13 01:01:19.588075"
"692",1,"ID","Tebing Tinggi","Clear","clear sky",24.97,24.97,24.97,25.66,82,99.1623,3.3274,"2024-02-13 01:01:21.091486"
"693",1,"ID","Makassar","Clouds","scattered clouds",26.03,26.03,26.03,26.03,94,119.4221,-5.14,"2024-02-13 01:01:22.525427"
"694",1,"ID","Jakarta","Haze","haze",27.35,26.05,30.29,31.13,85,106.8451,-6.2146,"2024-02-13 01:01:23.419036"
"695",1,"ID","Tangerang","Clouds","scattered clouds",27.36,26.04,30.28,31.53,88,106.63,-6.1781,"2024-02-13 01:01:24.089458"
"696",1,"ID","Tangerang Selatan","Clouds","scattered clouds",28.69,25.88,30.12,32.94,75,106.7085,-6.2955,"2024-02-13 01:01:25.390286"
"697",1,"ID","Bogor","Clouds","overcast clouds",28.82,24.59,28.83,33.25,75,106.7892,-6.5944,"2024-02-13 01:01:26.018664"
"698",1,"ID","Depok","Haze","haze",28.14,25.55,29.79,33.29,85,106.8186,-6.4,"2024-02-13 01:01:27.168024"
"699",1,"ID","Bekasi","Haze","haze",26.83,26.02,30.26,30.63,94,106.9896,-6.2349,"2024-02-13 01:01:28.447922"
"700",1,"ID","Samarinda","Clouds","overcast clouds",26.45,26.45,26.45,26.45,83,117.15,-0.5,"2024-02-13 03:15:53.836588"
"701",1,"ID","Balikpapan","Clouds","broken clouds",29.55,29.55,29.55,33.13,66,116.8289,-1.2675,"2024-02-13 03:15:54.230822"
"702",1,"ID","Bandar Lampung","Clouds","overcast clouds",28.73,28.73,28.73,32.49,72,105.258,-5.4254,"2024-02-13 03:15:54.802278"
"703",1,"ID","Metro","Clouds","overcast clouds",29.11,29.11,29.11,32.97,70,105.3067,-5.1131,"2024-02-13 03:15:55.353028"
"704",1,"ID","Pringsewu","Clouds","broken clouds",30.9,30.9,30.9,35.92,65,104.9744,-5.3582,"2024-02-13 03:15:55.808221"
"705",1,"ID","Palembang","Rain","light rain",27.05,27.05,27.05,30.77,89,104.7458,-2.9167,"2024-02-13 03:15:56.388634"
"706",1,"ID","Surabaya","Clouds","few clouds",31.68,30.97,31.68,37.22,63,112.7508,-7.2492,"2024-02-13 03:15:57.215741"
"707",1,"ID","Gresik","Clouds","broken clouds",31.66,30.95,31.66,38.66,70,112.6561,-7.1539,"2024-02-13 03:15:57.651253"
"708",1,"ID","Sidoarjo","Clouds","few clouds",30.98,30.98,31.7,37.98,79,112.7183,-7.4478,"2024-02-13 03:15:58.06206"
"709",1,"ID","Malang","Clouds","few clouds",29.5,29.5,29.5,31.91,60,112.6304,-7.9797,"2024-02-13 03:15:58.610693"
"710",1,"ID","Probolinggo","Clouds","few clouds",31.07,31.07,31.07,36.61,66,113.2159,-7.7543,"2024-02-13 03:15:59.147131"
"711",1,"ID","Semarang","Clouds","few clouds",30.96,30.96,30.96,37.49,70,110.4203,-6.9932,"2024-02-13 03:15:59.91107"
"712",1,"PH","Solo","Clouds","scattered clouds",26.95,26.95,26.95,28.61,68,120.9012,13.7469,"2024-02-13 03:16:00.304466"
"713",1,"ID","Yogyakarta","Clouds","few clouds",30.45,30.45,30.45,34.4,63,110.3608,-7.7828,"2024-02-13 03:16:01.002001"
"714",1,"ID","Medan","Clouds","scattered clouds",28.9,28.9,29.02,33.25,74,98.6667,3.5833,"2024-02-13 03:16:01.557122"
"715",1,"ID","Tebing Tinggi","Clear","clear sky",29.38,29.38,29.38,32.4,64,99.1623,3.3274,"2024-02-13 03:16:02.07352"
"716",1,"ID","Makassar","Clouds","scattered clouds",29.03,29.03,29.03,35.73,84,119.4221,-5.14,"2024-02-13 03:16:02.664091"
"717",1,"ID","Jakarta","Clouds","scattered clouds",31.51,29.12,33.38,38.51,77,106.8451,-6.2146,"2024-02-13 03:16:03.728725"
"718",1,"ID","Tangerang","Clouds","scattered clouds",30.71,29.94,33.37,36.27,68,106.63,-6.1781,"2024-02-13 03:16:04.47094"
"719",1,"ID","Tangerang Selatan","Clouds","scattered clouds",32.13,29.77,33.21,39.13,71,106.7085,-6.2955,"2024-02-13 03:16:05.041691"
"720",1,"ID","Bogor","Rain","light rain",30.37,27.66,31.92,34.22,63,106.7892,-6.5944,"2024-02-13 03:16:06.700787"
"721",1,"ID","Depok","Rain","light rain",31.24,29.45,32.88,38.24,77,106.8186,-6.4,"2024-02-13 03:16:07.328291"
"722",1,"ID","Bekasi","Clouds","scattered clouds",31.22,29.92,33.35,38.2,70,106.9896,-6.2349,"2024-02-13 03:16:07.863273"
"723",1,"ID","Samarinda","Clouds","overcast clouds",30.19,30.19,30.19,33.62,62,117.15,-0.5,"2024-02-13 06:19:35.259406"
"724",1,"ID","Balikpapan","Clouds","few clouds",30.55,30.55,30.55,35.36,66,116.8289,-1.2675,"2024-02-13 06:19:35.875942"
"725",1,"ID","Bandar Lampung","Rain","light rain",30.83,30.83,30.83,36.02,66,105.258,-5.4254,"2024-02-13 06:19:36.506357"
"726",1,"ID","Metro","Clouds","overcast clouds",31.74,31.74,31.74,36.47,60,105.3067,-5.1131,"2024-02-13 06:19:36.900461"
"727",1,"ID","Pringsewu","Clouds","broken clouds",30.46,30.46,30.46,37.3,74,104.9744,-5.3582,"2024-02-13 06:19:37.452619"
"728",1,"ID","Palembang","Rain","moderate rain",28.05,28.05,28.05,32.71,83,104.7458,-2.9167,"2024-02-13 06:19:37.869587"
"729",1,"ID","Surabaya","Rain","light rain",32.79,31.97,32.79,39.69,62,112.7508,-7.2492,"2024-02-13 06:19:38.279144"
"730",1,"ID","Gresik","Rain","light rain",32.77,31.95,32.77,39.77,71,112.6561,-7.1539,"2024-02-13 06:19:38.715779"
"731",1,"ID","Sidoarjo","Rain","light rain",31.98,31.98,32.81,38.98,74,112.7183,-7.4478,"2024-02-13 06:19:39.211474"
"732",1,"ID","Malang","Clouds","scattered clouds",30.07,30.07,30.07,33.38,62,112.6304,-7.9797,"2024-02-13 06:19:39.851216"
"733",1,"ID","Probolinggo","Clouds","broken clouds",29.1,29.1,29.1,34.15,76,113.2159,-7.7543,"2024-02-13 06:19:40.397105"
"734",1,"ID","Semarang","Clouds","few clouds",31.96,31.96,31.96,38.96,70,110.4203,-6.9932,"2024-02-13 06:19:41.121569"
"735",1,"PH","Solo","Clouds","scattered clouds",26.59,26.59,26.59,26.59,78,120.9012,13.7469,"2024-02-13 06:19:41.867635"
"736",1,"ID","Yogyakarta","Rain","light rain",31.74,31.74,31.74,36.19,59,110.3608,-7.7828,"2024-02-13 06:19:42.32874"
"737",1,"ID","Medan","Clouds","broken clouds",30.01,30.01,30.02,35.06,70,98.6667,3.5833,"2024-02-13 06:19:42.931998"
"738",1,"ID","Tebing Tinggi","Clouds","few clouds",32.31,32.31,32.31,35.73,53,99.1623,3.3274,"2024-02-13 06:19:43.410122"
"739",1,"ID","Makassar","Rain","light rain",31.03,31.03,31.03,38.03,79,119.4221,-5.14,"2024-02-13 06:19:44.144364"
"740",1,"ID","Jakarta","Clouds","scattered clouds",33.05,30.5,34.49,40.05,72,106.8451,-6.2146,"2024-02-13 06:19:44.579626"
"741",1,"ID","Tangerang","Clouds","scattered clouds",31.59,30.23,34.48,37.61,65,106.63,-6.1781,"2024-02-13 06:19:45.227822"
"742",1,"ID","Tangerang Selatan","Clouds","scattered clouds",33.22,30.06,34.32,40.22,68,106.7085,-6.2955,"2024-02-13 06:19:45.706392"
"743",1,"ID","Bogor","Rain","light rain",32.21,30.59,33.03,39.21,71,106.7892,-6.5944,"2024-02-13 06:19:46.19144"
"744",1,"ID","Depok","Clouds","scattered clouds",32.5,29.74,33.99,39.5,73,106.8186,-6.4,"2024-02-13 06:19:46.695089"
"745",1,"ID","Bekasi","Clouds","scattered clouds",32.7,30.21,34.46,39.46,62,106.9896,-6.2349,"2024-02-13 06:19:47.294433"
